sg_uf;nm_operacao;dt_deflagracao;ano;sg_unidade;nr_mpp;nr_mpt;nr_flagrante
RJ;TELHADO DE VIDRO;2008-03-11;2008;SR/PF/RJ;13;0;0
MA;RAPINA II;2008-04-02;2008;SR/PF/MA;13;0;0
MG;PARSÁGADA;2008-04-09;2008;SR/PF/MG;50;0;0
MT;TERMES;2008-04-29;2008;SR/PF/MT;0;64;0
MA;NÊMESIS;2008-05-09;2008;SR/PF/MA;5;0;0
AM;VORAX;2008-05-20;2008;SR/PF/AM;23;0;0
RJ;SEGURANÇA PÚBLICA S/A;2008-05-28;2008;SR/PF/RJ;7;0;0
SE;PASSADIÇO;2008-06-11;2008;SR/PF/SE;19;0;0
AP;TOQUE DE MIDAS;2008-06-11;2008;SR/PF/AP;1;0;1
MG;DE VOLTA PARA PARSÁGADA;2008-06-12;2008;SR/PF/MG;7;8;0
MG;JOÃO-DE-BARRO;2008-06-20;2008;SR/PF/MG;38;0;0
RS;PORTO;2008-06-20;2008;SR/PF/RS;0;0;0
SP;SATIAGRAHA;2008-07-08;2008;SR/PF/SP;24;0;0
MT;DUPLA FACE;2008-08-12;2008;SR/PF/MT;0;35;0
PB;ILICITAÇÃO;2008-08-20;2008;SR/PF/PB;12;0;0
MG;HIPÓCRATES;2008-10-08;2008;SR/PF/MG;3;0;0
SP;DÉJA VU;2008-10-30;2008;SR/PF/SP;16;0;0
RR;ANOPHELES;2008-10-31;2008;SR/PF/RR;10;0;0
ES;NAUFRÁGIO;2008-12-09;2008;SR/PF/ES;8;0;0
BA;VASSOURA DE BRUXA;2008-12-12;2008;SR/PF/BA;0;0;0
PI;HARPIA;2009-01-29;2009;SR/PF/PI;2;0;0
AP;EXÉRESE;2009-03-04;2009;SR/PF/AP;10;0;0
MA;RAPINA III;2009-03-05;2009;SR/PF/MA;27;0;0
SP;PERSISTÊNCIA;2009-03-23;2009;SR/PF/SP;7;0;0
SP;CASTELO DE AREIA;2009-03-25;2009;SR/PF/SP;10;0;0
RS;FREIO DE OURO;2009-04-07;2009;SR/PF/RS;0;0;0
MA;RAPINA IV;2009-04-28;2009;SR/PF/MA;28;0;0
RS;CONTRAMÃO;2009-05-20;2009;DPF/SCS/RS;5;0;0
TO;COVIL;2009-05-26;2009;SR/PF/TO;2;0;0
PB;CIRANDA;2009-05-29;2009;SR/PF/PB;6;0;0
CE;FUMAÇA;2009-06-17;2009;SR/PF/CE;0;0;0
PE;GESTÃO PLENA;2009-06-17;2009;SR/PF/PE;6;0;0
CE;LUXO;2009-06-30;2009;SR/PF/CE;5;0;0
MT;PLUMA;2009-07-03;2009;SR/PF/MT;19;0;0
MS;OWARI;2009-07-07;2009;DPF/DRS/MS;42;0;0
MS;BROTHERS;2009-07-28;2009;DPF/DRS/MS;0;6;0
BA;JUSTA CAUSA;2009-08-05;2009;DPF/PSO/BA;1;0;0
MT;PACENAS;2009-08-10;2009;SR/PF/MT;11;0;0
PA;HIGÉIA;2009-10-21;2009;DPF/MBA/PA;2;0;0
PB;TRANSPARÊNCIA;2009-11-10;2009;SR/PF/PB;20;0;0
MA;ORTHOPTERA;2009-11-17;2009;SR/PF/MA;10;0;0
CE;QUADRILHA;2009-11-25;2009;SR/PF/CE;0;0;0
DF;CAIXA DE PANDORA;2009-11-27;2009;SR/PF/DF;0;0;0
PB;FACHADA;2009-12-01;2009;SR/PF/PB;3;0;0
MG;SAFÁRI III;2009-12-03;2009;SR/PF/MG;21;0;0
CE;GÁRGULA;2009-12-08;2009;SR/PF/CE;15;0;0
RS;PATHOS;2010-01-20;2010;SR/PF/RS;0;0;0
PE;SOMA;2010-02-10;2010;SR/PF/PE;0;0;0
MT;CARTILHA;2010-02-25;2010;SR/PF/MT;0;0;0
RO;SIMULACRO;2010-03-04;2010;SR/PF/RO;2;0;0
CE;PROVÍNCIA;2010-03-10;2010;SR/PF/CE;0;0;9
MT;HYGÉIA;2010-04-07;2010;SR/PF/MT;0;18;0
PE;DESVIO;2010-04-29;2010;SR/PF/PE;11;0;0
CE;GÁRGULA II;2010-04-29;2010;SR/PF/CE;3;0;0
PA;SATURNOS;2010-05-05;2010;SR/PF/PA;8;0;0
PR;PARCERIA;2010-05-11;2010;DPF/LDA/PR;0;14;0
CE;CERTAME;2010-05-13;2010;DPF/JNE/CE;0;0;0
MT;ASAFE;2010-05-18;2010;SR/PF/MT;8;9;0
PE;BOA VIAGEM;2010-06-09;2010;SR/PF/PE;5;0;0
CE;GOLIATH;2010-06-23;2010;SR/PF/CE;5;0;0
RO;BORDUNA;2010-06-24;2010;DPF/JPN/RO;4;0;0
PI;ORTHOPTERA II;2010-07-16;2010;SR/PF/PI;0;0;0
CE;MÃO DUPLA;2010-08-06;2010;SR/PF/CE;1;23;0
MS;TELLUS;2010-08-30;2010;SR/PF/MS;20;0;0
MS;URAGANO;2010-09-01;2010;DPF/DRS/MS;1;29;0
RS;MERCARI;2010-09-02;2010;SR/PF/RS;0;0;0
PA;SANARE;2010-09-03;2010;SR/PF/PA;5;0;0
AP;MÃOS LIMPAS;2010-09-10;2010;SR/PF/AP;0;18;0
ES;MOEDA DE TROCA;2010-09-16;2010;SR/PF/ES;11;0;0
RJ;CEBUS APELLA;2010-09-17;2010;DPF/NIG/RJ;3;0;0
RS;MUÍSCA;2010-10-07;2010;SR/PF/RS;0;0;0
AL;CAETÉS;2010-10-21;2010;SR/PF/AL;8;0;0
MG;TREM DAS SETE;2010-10-26;2010;DPF/DVS/MG;0;0;0
RN;DEUS DOS MARES;2010-11-04;2010;SR/PF/RN;1;0;0
RN;VIA ÁPIA;2010-11-05;2010;SR/PF/RN;6;0;0
BA;CARCARÁ DA BAHIA;2010-11-10;2010;SR/PF/BA;0;45;0
PI;MERCADORES;2010-11-19;2010;SR/PF/PI;0;10;4
MT;ATLÂNTIDA;2010-11-19;2010;SR/PF/MT;0;26;0
PA;VIDE BULA;2010-11-23;2010;SR/PF/PA;0;0;0
PI;THYSANURA;2010-12-03;2010;SR/PF/PI;0;0;0
CE;OCTOPUS;2010-12-14;2010;SR/PF/CE;0;0;0
TO;MAET;2010-12-16;2010;SR/PF/TO;0;0;3
PR;DALLAS;2011-01-19;2011;DPF/PGZ/PR;10;0;0
PI;GELEIRA;2011-01-19;2011;SR/PF/PI;30;0;0
MA;ASTIAGES;2011-02-03;2011;SR/PF/MA;9;0;0
SP;SARC;2011-02-03;2011;SR/PF/SP;0;0;0
CE;CONÍFERA;2011-02-17;2011;SR/PF/CE;2;0;0
PA;FROTA VIRTUAL ;2011-02-24;2011;SR/PF/PA;11;0;0
MA;DONATÁRIO;2011-02-25;2011;SR/PF/MA;0;0;0
PB;PREMIER;2011-03-08;2011;SR/PF/PB;0;0;0
SE;OLHOS DE ÁGUIA ;2011-03-16;2011;SR/PF/SE;0;0;0
AL;MASCOTCH;2011-03-30;2011;SR/PF/AL;16;0;0
PR;DÉJA VU II ;2011-04-05;2011;SR/PF/PR;16;0;0
AP;CARNIÇA;2011-04-11;2011;SR/PF/AP;3;0;0
MG;CONVITE CERTO ;2011-04-13;2011;SR/PF/MG;8;0;0
MA;USURA;2011-05-11;2011;SR/PF/MA;13;0;0
MS;QUESTOR;2011-05-16;2011;DPF/DRS/MS;1;6;0
RS;SAÚDE;2011-05-16;2011;DPF/PFO/RS;63;0;0
MG;1655;2011-06-01;2011;SR/PF/MG;3;0;0
CE;ROBALO;2011-06-14;2011;SR/PF/CE;0;0;0
PB;GASPARZINHO;2011-06-15;2011;SR/PF/PB;15;0;0
SP;DESFALQUE;2011-06-16;2011;SR/PF/SP;10;9;0
SP;URUPÊS;2011-06-21;2011;SR/PF/SP;3;3;0
SC;EL NIÑO ;2011-07-07;2011;SR/PF/SC;2;0;0
PA;CARTA MARCADO ;2011-07-12;2011;SR/PF/PA;0;0;0
AP;VOUCHER;2011-08-09;2011;SR/PF/AP;19;19;0
PA;PANDILHA;2011-08-24;2011;SR/PF/PA;10;0;0
PE;MAR DE LAMA;2011-08-25;2011;SR/PF/PE;0;0;0
MG;PAINEL;2011-09-09;2011;SR/PF/MG;0;5;0
AL;TABANGA;2011-09-20;2011;SR/PF/AL;8;0;0
MG;GRILO;2011-09-20;2011;DPF/MOC/MG;12;0;0
AM;ASCARIS I E II;2011-09-21;2011;SR/PF/AM;8;0;0
PR;LÁPAROS;2011-11-17;2011;DPF/GRA/PR;108;0;2
RO;TERMÓPILAS;2011-11-18;2011;SR/PF/RO;10;4;0
MG;DUPLA COBRANÇA;2011-11-22;2011;SR/PF/MG;2;0;0
PE;CASA 101;2011-11-22;2011;SR/PF/PE;0;0;0
SP;DÍZIMO;2011-11-24;2011;SR/PF/SP;1;0;0
RO;ANJOS DO ASFALTO;2011-11-25;2011;SR/PF/RO;0;0;0
PI;ICEBERG;2011-12-01;2011;SR/PF/PI;0;0;0
AM;FENG SHUI;2011-12-14;2011;SR/PF/AM;3;0;0
RN;EPA;2011-12-14;2011;SR/PF/RN;1;0;0
PR;FEIRA LIVRE;2011-12-16;2011;DPF/GPB/PR;0;4;0
DF;PERFÍDIA;2011-12-19;2011;SR/PF/DF;2;5;0
MS;"PIRITA	";2012-01-31;2012;SR/PF/MS;15;0;0
GO;MULTIRAMA;2012-02-10;2012;SR/PF/GO;6;0;0
MG;MÉRCURIO;2012-02-24;2012;DPF/JFA/MG;0;0;0
PB;SINISTRO;2012-03-06;2012;SR/PF/PB;10;0;0
SP;CORREGEDORIA;2012-03-07;2012;SR/PF/SP;0;3;0
AM;"INSONIA	";2012-03-09;2012;SR/PF/AM;3;0;0
AC;"MALTHA II	";2012-03-11;2012;SR/PF/AC;2;0;0
RJ;"RENASCER	";2012-03-29;2012;SR/PF/RJ;5;0;0
BA;"DETALHES	";2012-04-03;2012;SR/PF/BA;0;0;0
ES;"LEE OSWALD	";2012-04-19;2012;SR/PF/ES;13;15;0
AC;"HUMAITÁ	";2012-04-22;2012;SR/PF/AC;5;0;0
MG;"BRILHO DOS OLHOS	";2012-04-23;2012;SR/PF/MG;6;0;0
PE;RESGATE;2012-04-30;2012;SR/PF/PE;0;0;0
PB;DUBLÊ;2012-05-04;2012;DPF/PAT/PB;0;8;0
PB;LOGOFF;2012-05-11;2012;SR/PF/PB;0;0;0
PB;AMALTÉIA;2012-05-16;2012;SR/PF/PB;0;0;2
SC;TRAMPOLINA;2012-05-16;2012;SR/PF/SC;0;0;0
MS;"GAIA II	";2012-05-22;2012;SR/PF/MS;5;0;0
RR;"COLLARIS	";2012-05-30;2012;SR/PF/RR;0;5;0
MS;"DECOADA	";2012-05-31;2012;SR/PF/MS;1;0;0
PR;"CARRO FORTE	";2012-05-31;2012;SR/PF/PR;19;0;0
SP;"KLON	";2012-06-04;2012;SR/PF/SP;12;0;0
TO;"DESVELAÇÃO	";2012-06-12;2012;SR/PF/TO;0;0;0
MG;MÁSCARA DA SANIDADE;2012-06-21;2012;DPF/MOC/MG;0;16;0
SP;PIT STOP;2012-06-23;2012;SR/PF/SP;0;0;0
MG;LARANJA COM PEQUI;2012-06-26;2012;DPF/MOC/MG;4;0;0
PB;PÃO E CIRCO;2012-06-28;2012;SR/PF/PB;0;28;0
PA;"LICEU	";2012-06-28;2012;SR/PF/PA;4;0;0
BA;BOCA DE LOBO;2012-07-05;2012;DPF/JZO/BA;14;0;0
MG;GIZÉ;2012-07-12;2012;SR/PF/MG;6;0;0
SP;GOL DE MÃO;2012-07-31;2012;DPF/CAS/SP;0;0;0
MG;"ODIN	";2012-08-23;2012;SR/PF/MG;0;0;0
MA;"ALLIEN	";2012-09-20;2012;SR/PF/MA;19;0;0
RJ;ARREICA;2012-09-27;2012;DPF/MCE/RJ;0;0;0
PI;"NOSFERATU	";2012-10-01;2012;SR/PF/PI;0;0;0
TO;SANEAMENTO;2012-10-04;2012;SR/PF/TO;0;0;0
RO;"PRETÓRIO	";2012-10-31;2012;SR/PF/RO;7;0;0
PA;BOCA DE LOBO;2012-11-06;2012;SR/PF/PA;0;0;0
AP;DIS PATER;2012-11-20;2012;SR/PF/AP;9;0;0
PI;GANGRENA;2012-11-21;2012;SR/PF/PI;0;0;0
SP;PORTO SEGURO;2012-11-23;2012;SR/PF/SP;0;6;0
RO;PRETÓRIO II;2012-12-05;2012;SR/PF/RO;0;5;0
RO;VÓRTICE;2012-12-06;2012;SR/PF/RO;9;9;0
RO;ENDEMIA;2012-12-06;2012;SR/PF/RO;3;0;0
PA;FONTE SECA;2012-12-12;2012;SR/PF/PA;0;0;0
MG;RECIDIVA;2012-12-27;2012;DPF/MOC/MG;4;0;0
AM;CORTINA DE FERRO;2012-12-31;2012;SR/PF/AM;0;0;0
AM;CONTAS LIMPAS;2012-12-31;2012;SR/PF/AM;0;0;0
PA;ADAMANTO;2013-01-19;2013;SR/PF/PA;3;0;0
PB;MÃOS VAZIAS;2013-01-29;2013;SR/PF/PB;0;0;0
MS;VOLTS;2013-02-06;2013;SR/PF/MS;0;0;0
PB;PREMIER;2013-03-08;2013;SR/PF/PB;0;0;0
MS;SANGUE FRIO;2013-03-19;2013;SR/PF/MS;0;0;0
CE;CACTUS;2013-03-21;2013;SR/PF/CE;0;0;0
BA;QUÉOPS;2013-03-26;2013;SR/PF/BA;0;0;0
PA;APOSTA ZERO;2013-04-05;2013;DPF/RDO/PA;0;0;1
SP;FRATELLI;2013-04-13;2013;DPF/JLS/SP;0;13;4
PB;ASTRINGERE;2013-04-18;2013;SR/PF/PB;6;4;0
AM;MARTELO;2013-05-07;2013;SR/PF/AM;0;7;2
MG;CADUCEU;2013-05-08;2013;SR/PF/MG;0;5;0
AP;CONFICTUS ;2013-05-09;2013;SR/PF/AP;0;0;0
MG;NOVOS CAMINHOS;2013-05-09;2013;DPF/MOC/MG;6;0;0
AC;G-7;2013-05-10;2013;SR/PF/AC;15;0;0
SP;PUBLICANO;2013-05-16;2013;SR/PF/SP;1;4;0
RO;8.666;2013-05-20;2013;SR/PF/RO;23;0;0
RO;PAU-BRASIL;2013-05-20;2013;SR/PF/RO;3;0;0
MG;SERTÃO-VEREDAS;2013-05-27;2013;SR/PF/MG;14;0;0
AL;CAPIBE;2013-06-04;2013;SR/PF/AL;0;0;0
RS;PARALELO 31-S;2013-06-11;2013;SR/PF/RS;0;0;3
MG;VIOLÊNCIA INVISIVEL;2013-07-02;2013;DPF/MOC/MG;0;9;0
AL;RIBEIRINHOS;2013-07-04;2013;SR/PF/AL;0;0;0
AL;QUILOMBOS;2013-07-05;2013;SR/PF/AL;8;0;0
SP;1905;2013-07-17;2013;SR/PF/SP;0;0;0
BA;PELARGÓS;2013-07-18;2013;SR/PF/BA;0;0;0
SP;SCHISTOSOMA;2013-08-06;2013;DPF/AQA/SP;0;5;0
PR;SINAPSE;2013-08-08;2013;SR/PF/PR;18;0;0
MS;TETO DE VIDRO;2013-08-15;2013;SR/PF/MS;0;0;1
AP;WAHA;2013-08-23;2013;DPF/OPE/AP;2;0;0
RJ;FIO DE ARIADNE;2013-08-23;2013;DPF/MCE/RJ;15;0;0
AP;SALUTEM;2013-08-30;2013;DPF/OPE/AP;0;0;0
SP;PRONTO EMPREGO;2013-09-03;2013;SR/PF/SP;7;0;0
MG;ESOPO;2013-09-09;2013;SR/PF/MG;25;0;0
AL;SUSERANOS;2013-09-19;2013;SR/PF/AL;0;0;0
PR;AGRO-FANTASMA;2013-09-24;2013;SR/PF/PR;11;0;0
MA;USURA II;2013-09-25;2013;SR/PF/MA;0;0;0
MA;CHEQUE EM BRANCO;2013-09-27;2013;SR/PF/MA;0;0;0
PE;FAKE WORK;2013-09-30;2013;SR/PF/PE;2;6;0
RJ;SAQUEADOR;2013-10-01;2013;SR/PF/RJ;0;0;0
CE;PA-DUB-DAR;2013-10-10;2013;DPF/JNE/CE;0;0;0
RJ;RESSACA ;2013-10-25;2013;SR/PF/RJ;0;0;0
MS;CORNUCÓPIA;2013-11-13;2013;DPF/CRA/MS;1;0;0
PB;FALSO APOIO;2013-11-21;2013;SR/PF/PB;0;0;0
AP;CITRUS;2013-11-22;2013;SR/PF/AP;0;12;0
AP;FLOR DE LIS;2013-11-28;2013;SR/PF/AP;1;0;0
RS;EV-01;2013-11-28;2013;SR/PF/RS;0;0;0
MG;AGOSTO ;2013-12-03;2013;DPF/MOC/MG;4;0;0
DF;DESFALCO;2013-12-06;2013;SR/PF/DF;0;3;0
RJ;REPLAY;2013-12-09;2013;SR/PF/RJ;0;9;0
PR;LAZULI;2013-12-10;2013;DPF/FIG/PR;3;0;0
RJ;AVE DE FOGO ;2013-12-11;2013;DPF/MCE/RJ;2;0;0
PE;FASTIO ;2013-12-13;2013;SR/PF/PE;0;0;0
RJ;WORKAHOLIC;2013-12-13;2013;DPF/NIG/RJ;9;0;0
MG;METÁSTASE 57;2013-12-17;2013;DPF/VAG/MG;37;20;0
PB;ESTADO TERMINAL;2013-12-23;2013;SR/PF/PB;0;0;1
MS;ANESTESIA;2014-01-06;2014;SR/PF/MS;0;0;4
BA;RAMSÉS;2014-02-06;2014;DPF/ILS/BA;0;0;0
BA;GRANFALOON ;2014-02-18;2014;DPF/VDC/BA;13;0;0
GO;JUSSARA;2014-02-20;2014;SR/PF/GO;0;0;0
CE;FRAUDE;2014-02-20;2014;SR/PF/CE;0;5;0
SP;IRAXIM;2014-03-25;2014;SR/PF/SP;0;0;0
RO;TRAMA;2014-03-28;2014;SR/PF/RO;0;6;0
MT;FIDARE;2014-04-01;2014;DPF/CAE/MT;30;17;4
MS;BARNUM;2014-04-09;2014;DPF/TLS/MS;0;0;0
MG;GLADIADOR;2014-04-11;2014;DPF/URA/MG;3;3;0
ES;RELENTLEES;2014-04-22;2014;SR/PF/ES;0;0;1
BA;MIDSUMMER;2014-04-29;2014;DPF/JZO/BA;0;0;0
MT;DR LAO;2014-04-30;2014;SR/PF/MT;0;6;0
SC;SALTO ALTO;2014-04-30;2014;DPF/DCQ/SC;0;0;0
BA;VISTA MAR;2014-05-08;2014;SR/PF/BA;0;3;0
BA;TREZE DE MAIO;2014-05-13;2014;SR/PF/BA;0;29;0
RJ;NOTA ZERO;2014-05-13;2014;SR/PF/RJ;0;0;2
SE;POP ;2014-06-03;2014;SR/PF/SE;4;0;0
MT;KAMIKASE;2014-06-03;2014;SR/PF/MT;0;1;0
MS;LANTIRE;2014-06-16;2014;SR/PF/MS;2;0;2
TO;GAIA;2014-06-25;2014;SR/PF/TO;5;0;1
MG;EXTERMINADORES DO FUTURO;2014-06-30;2014;DPF/MOC/MG;0;4;0
TO;GATO POR LEBRE;2014-07-03;2014;SR/PF/TO;0;0;1
AL;MOXOTÓ;2014-07-11;2014;SR/PF/AL;0;0;0
RJ;CONTRAGOLPE;2014-07-23;2014;SR/PF/RJ;0;0;0
MG;EXTRAVIO;2014-07-24;2014;DPF/MOC/MG;1;0;0
MT;SÃO JOSÉ ;2014-07-31;2014;DPF/CAE/MT;0;0;0
MG;MÁSCARA DE SANIDADE;2014-08-06;2014;DPF/MOC/MG;4;0;0
PE;ALTER EGO;2014-08-12;2014;SR/PF/PE;7;0;0
RJ;VALE-TUDO;2014-08-28;2014;DPF/MCE/RJ;0;0;0
MG;HÍGIA;2014-08-29;2014;DPF/VAG/MG;0;0;0
RO;OURO PRETO DO OESTE/RO;2014-08-29;2014;SR/PF/RO;2;1;0
CE;DESFALQUE;2014-09-04;2014;SR/PF/CE;0;0;0
CE;GOURMET;2014-09-11;2014;SR/PF/CE;0;0;0
RO;NACIO;2014-09-17;2014;SR/PF/RO;13;0;0
BA;FROTA;2014-09-25;2014;SR/PF/BA;0;0;0
PA;STRICTO SENSU;2014-09-30;2014;SR/PF/PA;0;0;0
MS;ATHENAS;2014-10-08;2014;DPF/NVI/MS;7;3;4
BA;A-GATE;2014-10-20;2014;SR/PF/BA;6;0;0
MG;PASSWORD;2014-10-21;2014;DPF/GVS/MG;0;0;0
RJ;MARCO ZERO;2014-10-23;2014;DPF/MCE/RJ;0;0;0
ES;DEFESO;2014-11-04;2014;SR/PF/ES;5;0;0
SC;AVE DE RAPINA;2014-11-12;2014;SR/PF/SC;14;0;0
RJ;MANGARATIBA;2014-11-18;2014;SR/PF/RJ;0;0;0
RO;AJURICABA;2014-11-18;2014;SR/PF/RO;0;0;1
RO;PLATÉIAS;2014-11-20;2014;SR/PF/RO;0;4;1
SP;NAVIGATOR;2014-11-26;2014;DPF/STS/SP;0;0;0
RJ;COCITE;2014-12-04;2014;SR/PF/RJ;25;0;0
TO;PRONTO SOCORRO;2014-12-09;2014;SR/PF/TO;6;0;0
PE;INVICTUS ;2014-12-10;2014;SR/PF/PE;0;0;0
AL;FARNEL ;2014-12-11;2014;SR/PF/AL;18;9;0
RS;PASTEUR;2014-12-17;2014;SR/PF/RS;1;0;1
RJ;GAFANHOTO;2014-12-18;2014;DPF/NRI/RJ;0;0;0
CE;PUBLICANOS;2014-12-19;2014;SR/PF/CE;0;0;0
SP;PARTO SEGURO;2015-01-20;2015;DPF/JLS/SP;3;0;0
AP;LIMOS;2015-01-21;2015;SR/PF/AP;0;3;0
ES;MIRAGEM ;2015-01-27;2015;SR/PF/ES;0;0;0
RN;ITARETAMA;2015-01-27;2015;SR/PF/RN;0;0;0
DF;ADVENTO;2015-01-29;2015;SR/PF/DF;0;0;0
CE;PASSWORD;2015-01-29;2015;SR/PF/CE;0;6;0
DF;ANISTIA;2015-02-12;2015;SR/PF/DF;0;0;0
MG;EXPO CAPITOLIO;2015-03-11;2015;DPF/DVS/MG;0;0;0
CE;CHRISTIANOPOLIS ;2015-03-18;2015;DPF/JNE/CE;0;4;0
CE;CRIO;2015-03-18;2015;DPF/JNE/CE;1;0;0
SP;VENTARIA ;2015-03-18;2015;DPF/JLS/SP;0;0;4
SP;VULPINO;2015-03-27;2015;DPF/JLS/SP;0;3;0
SC;AURANTIACO;2015-04-09;2015;DPF/LGE/SC;0;0;0
DF;PARDAL;2015-04-10;2015;SR/PF/DF;0;0;0
MG;TEMPO DE DESPERTAR;2015-04-13;2015;DPF/MOC/MG;41;7;2
RO;PARASITAS;2015-04-15;2015;SR/PF/RO;0;0;0
DF;CHOQUE;2015-04-15;2015;SR/PF/DF;0;2;0
MT;CARONTE;2015-04-24;2015;SR/PF/MT;0;3;0
TO;XEQUE DUPLO;2015-04-24;2015;SR/PF/TO;13;0;0
RR;DESVIO PADRÃO;2015-04-29;2015;SR/PF/RR;0;0;0
SP;REINICIALIZAÇÃO ;2015-04-30;2015;SR/PF/SP;1;0;0
PE;PARADISE;2015-05-06;2015;DPF/SGO/PE;0;14;2
PR;FIDUCIA;2015-05-12;2015;SR/PF/PR;0;3;0
RS;SEMILLA;2015-05-13;2015;SR/PF/RS;0;0;1
RJ;ARCANUS ;2015-05-20;2015;SR/PF/RJ;0;8;0
SP;CAMPESINOS;2015-05-22;2015;DPF/SJK/SP;0;0;0
CE;LOOP;2015-05-22;2015;SR/PF/CE;0;0;0
BA;MALTA;2015-05-27;2015;DPF/VDC/BA;0;0;1
RO;CERBERUS;2015-06-02;2015;SR/PF/RO;17;0;0
MG;DESIDERATO;2015-06-02;2015;DPF/MOC/MG;0;8;0
SP;PONTO FINAL ;2015-06-23;2015;DPF/AQA/SP;0;0;0
DF;ACRONIMO 2;2015-06-25;2015;SR/PF/DF;0;0;1
PB;ANDAIME;2015-06-26;2015;DPF/PAT/PB;3;7;2
PA;FILIAL ;2015-07-02;2015;DPF/SNM/PA;0;0;0
SP;AMARELO I;2015-07-03;2015;SR/PF/SP;0;0;0
SP;ESCULÁPIO;2015-07-08;2015;DPF/MII/SP;0;0;0
MS;LAMA ASFÁLTICA ;2015-07-09;2015;SR/PF/MS;0;0;3
BA;ÁGUIA DE HAIA;2015-07-13;2015;SR/PF/BA;4;0;0
RJ;PANACEA;2015-07-16;2015;DPF/NRI/RJ;1;0;0
MG;FAROL 40;2015-07-17;2015;DPF/VAG/MG;0;0;0
RN;OZIUS ;2015-07-29;2015;SR/PF/RN;0;0;0
AP;CRÉDITOS PODRES;2015-08-04;2015;SR/PF/AP;2;0;0
PE;FAIR PLAY;2015-08-14;2015;SR/PF/PE;0;0;0
PA;DESFECHO;2015-08-18;2015;DPF/MBA/PA;7;0;0
AC;MECHANICUS;2015-08-20;2015;SR/PF/AC;0;0;0
MA;ÉDEN;2015-08-20;2015;SR/PF/MA;2;0;0
PE;CARONA;2015-09-17;2015;SR/PF/PE;0;0;0
PE;LANCE FINAL;2015-09-30;2015;SR/PF/PE;0;0;0
BA;CABEÇAS;2015-10-08;2015;SR/PF/BA;0;0;0
MA;ATTALEA;2015-10-20;2015;SR/PF/MA;8;0;0
CE;FIDÚCIA;2015-10-20;2015;SR/PF/CE;3;7;0
BA;BELVEDERE;2015-10-20;2015;DPF/VDC/BA;0;0;0
BA;HOLLERITH;2015-10-22;2015;DPF/VDC/BA;0;0;0
AC;SHYLOCK;2015-10-26;2015;SR/PF/AC;0;0;0
SE;ACESSO NEGADO;2015-11-05;2015;SR/PF/SE;11;0;0
BA;INFECTO;2015-11-05;2015;SR/PF/BA;0;0;0
BA;MAKING OF;2015-11-10;2015;DPF/JZO/BA;0;0;0
MA;SERMÃO AOS PEIXES;2015-11-17;2015;SR/PF/MA;13;0;0
AM;DIZIMO;2015-11-18;2015;SR/PF/AM;12;0;0
MT;PROTHEUS;2015-11-19;2015;SR/PF/MT;0;0;1
MA;ORBIS;2015-11-19;2015;SR/PF/MA;0;0;1
PR;LAVA JATO FASE XXI - PASSE LIVRE;2015-11-24;2015;SR/PF/PR;1;0;0
CE;GREMLINS,;2015-11-24;2015;SR/PF/CE;0;4;0
MG;TYRANNOS;2015-11-24;2015;SR/PF/MG;6;6;0
RJ;COCITE;2015-11-25;2015;DPF/VRA/RJ;3;0;0
RR;LIBERTATEM;2015-11-30;2015;SR/PF/RR;0;0;0
MG;ASCLÉPIA;2015-12-01;2015;DPF/VAG/MG;7;0;0
RJ;DOMINAÇÃO II;2015-12-03;2015;SR/PF/RJ;14;0;0
RJ;MARE CLAUSUM;2015-12-08;2015;SR/PF/RJ;0;0;0
BA;PRIMA FACIE;2015-12-08;2015;DPF/JZO/BA;0;8;0
TO;PAPEL S/A;2015-12-11;2015;SR/PF/TO;0;0;0
BA;TERRA MOLHADA;2015-12-15;2015;SR/PF/BA;0;0;0
BA;MENELICK;2015-12-18;2015;SR/PF/BA;0;0;0
ES;COURIER;2016-01-21;2016;SR/PF/ES;0;0;0
GO;TELA FRIA;2016-01-22;2016;SR/PF/GO;0;0;0
GO;O RECEBEDOR;2016-01-27;2016;SR/PF/GO;0;0;1
PR;LAVA JATO - 22 FASE - TRIPLOX;2016-01-27;2016;SR/PF/PR;0;6;0
PR;LAVA JATO - 23 FASE - ACARAJÉ;2016-02-22;2016;SR/PF/PR;2;6;0
AP;CRÉDITOS PODRES 3;2016-02-24;2016;SR/PF/AP;2;3;0
DF;ZELOTES - 6A FASE ;2016-02-25;2016;SR/PF/DF;0;0;0
AP;CAMINHO DO FERRO;2016-03-02;2016;SR/PF/AP;0;2;0
PR;LAVA JATO - 24 FASE - ALÉTHEIA;2016-03-04;2016;SR/PF/PR;0;0;0
BA; HERA;2016-03-08;2016;DPF/PSO/BA;2;0;1
PE;REMENDA;2016-03-15;2016;SR/PF/PE;1;7;0
PR;LAVA JATO - 25 FASE - POLIMENTO;2016-03-21;2016;SR/PF/PR;1;0;0
PR;LAVA JATO - 26 FASE - XEPA;2016-03-22;2016;SR/PF/PR;4;11;2
BA;NOTA ZERO;2016-03-23;2016;DPF/VDC/BA;0;0;0
PR;LAVA JATO - 27 FASE - CARBONO 14;2016-04-01;2016;SR/PF/PR;0;2;0
MS;OP. DáDIVA;2016-04-06;2016;DPF/TLS/MS;0;0;0
MG;MAR DE LAMA - FASE 1;2016-04-11;2016;DPF/GVS/MG;0;8;3
BA;HERA FASE II;2016-04-13;2016;DPF/PSO/BA;2;0;0
MG;MÁSCARA DA SANIDADE - SABOTADORES DA SAÚDE;2016-04-18;2016;DPF/MOC/MG;3;0;0
PR;PECúLIO;2016-04-19;2016;DPF/FIG/PR;5;10;0
AL;DESCASO;2016-04-19;2016;SR/PF/AL;0;0;0
TO;PRONTO SOCORRO II;2016-04-20;2016;SR/PF/TO;0;0;0
MG;MAR DE LAMA 2 PF/GVS/MG;2016-04-27;2016;DPF/GVS/MG;0;0;0
AL;CABALA;2016-04-28;2016;SR/PF/AL;0;0;0
PR;PECúLIO II;2016-05-03;2016;DPF/FIG/PR;2;0;0
BA;IMPERADOR;2016-05-05;2016;DPF/VDC/BA;3;0;0
DF;ACRÔNIMO - 5ª FASE;2016-05-05;2016;SR/PF/DF;0;0;0
AC;CARTAS CHILENAS ;2016-05-09;2016;SR/PF/AC;3;0;1
DF;ZELOTES - 7A FASE ;2016-05-09;2016;SR/PF/DF;0;0;0
MS; LAMA ASFÁLTICA II - FAZENDAS DE LAMA;2016-05-10;2016;SR/PF/MS;8;15;0
PB;TERRA ARRASADA;2016-05-10;2016;SR/PF/PB;0;0;0
PA;CONCORRÊNCIA LIMPA;2016-05-12;2016;DPF/MBA/PA;1;0;0
AC;IPL N. 179/2015;2016-05-13;2016;SR/PF/AC;1;0;0
RR;TANGO FOX DELTA;2016-05-17;2016;SR/PF/RR;0;0;0
SC;ÁGUA DE PRATA;2016-05-17;2016;DPF/CCM/SC;4;0;0
MG;MAR DE LAMA 3 E MAR DE LAMA 4;2016-05-19;2016;DPF/GVS/MG;16;1;0
DF;JANUS;2016-05-20;2016;SR/PF/DF;0;0;0
PR;LAVA JATO - 29 FASE - REPESCAGEM;2016-05-23;2016;SR/PF/PR;1;2;0
PA;LESSON;2016-05-24;2016;SR/PF/PA;3;3;0
PR;LAVA JATO - 30 FASE - VÍCIO;2016-05-24;2016;SR/PF/PR;2;0;0
BA;TRANSFOLIA;2016-05-31;2016;SR/PF/BA;0;0;0
BA;OROBó;2016-05-31;2016;SR/PF/BA;0;0;0
RJ;ESFINGE;2016-06-03;2016;SR/PF/RJ;2;0;1
RJ; Bota-fora;2016-06-07;2016;SR/PF/RJ;0;0;0
MG;VOLTA AO MUNDO;2016-06-09;2016;DPF/MOC/MG;0;2;0
RJ;Tiradentes RJ;2016-06-14;2016;SR/PF/RJ;0;5;0
PA;ASFIXIA;2016-06-14;2016;DPF/MBA/PA;5;3;0
MS;TARJA PRETA;2016-06-15;2016;DPF/NVI/MS;0;0;0
PA;NOMINAL;2016-06-15;2016;DPF/SNM/PA;0;0;0
PE;TURBULÊNCIA;2016-06-21;2016;SR/PF/PE;5;0;0
PR;PECúLIO III;2016-06-21;2016;DPF/FIG/PR;9;0;0
MG;MAR DE LAMA 5;2016-06-21;2016;DPF/GVS/MG;3;0;0
RN;MARLIN;2016-06-23;2016;SR/PF/RN;0;0;0
SP;CUSTO BRASIL;2016-06-23;2016;SR/PF/SP;11;0;0
GO;Apate II (Acreúna/GO);2016-06-24;2016;DPF/JTI/GO;0;2;0
AL;Brotherhood;2016-06-28;2016;SR/PF/AL;0;0;0
RN;IPL 74/2014;2016-06-28;2016;SR/PF/RN;0;0;0
SP;BOCA LIVRE;2016-06-28;2016;SR/PF/SP;3;14;0
GO;TABELA PERIÓDICA;2016-06-30;2016;SR/PF/GO;0;0;2
SEDE;SÉPSIS;2016-07-01;2016;DICOR/DPF;1;0;0
DF;CLÂ;2016-07-02;2016;SR/PF/DF;0;0;0
PR;LAVA JATO - 31 FASE - ABISMO;2016-07-04;2016;SR/PF/PR;1;4;0
PE;BLACK LIST;2016-07-05;2016;SR/PF/PE;0;0;0
BA;NOTA ZERO - 2 FASE;2016-07-05;2016;DPF/VDC/BA;0;0;0
RJ;PRIPYAT;2016-07-06;2016;SR/PF/RJ;7;3;0
DF;QUATRO MÃOS;2016-07-06;2016;SR/PF/DF;1;0;1
MS;LAMA ASFÁLTICA III - AVIÕES DE LAMA;2016-07-07;2016;SR/PF/MS;3;0;0
MG;MAR DE LAMA 6;2016-07-07;2016;DPF/GVS/MG;1;3;0
BA;MISORE;2016-07-08;2016;SR/PF/BA;0;0;0
BA;MATO CERRADO;2016-07-12;2016;DPF/VDC/BA;0;0;1
AC;LABOR;2016-07-12;2016;SR/PF/AC;4;0;0
AC;METÁSTASE- DPF/EPA/AC;2016-07-14;2016;DPF/EPA/AC;1;0;0
BA;BURLA;2016-07-14;2016;DPF/VDC/BA;3;4;0
PR;PECúLIO IV;2016-07-14;2016;DPF/FIG/PR;1;0;0
RN;PEQUENO RIO;2016-07-15;2016;SR/PF/RN;0;0;1
SP;DOPAMINA;2016-07-18;2016;SR/PF/SP;0;0;0
PB;CARDEIRO;2016-07-19;2016;DPF/PAT/PB;2;0;0
AP;ANTÍGENO;2016-07-20;2016;SR/PF/AP;0;4;0
MG;RECANTO DAS CIGARRAS;2016-07-20;2016;DPF/JFA/MG;2;3;0
TO;BAGRATION;2016-07-27;2016;DPF/AGA/TO;9;4;1
BA;COPÉRNICO;2016-07-27;2016;SR/PF/BA;1;0;1
PR; ILUSIONISTA;2016-07-28;2016;SR/PF/PR;2;0;0
AL;TRIÂNGULO DAS BERMUDAS;2016-07-29;2016;SR/PF/AL;0;0;0
GO;ÍNSULA;2016-08-04;2016;SR/PF/GO;0;0;0
MT;KAMIKAZE II;2016-08-04;2016;SR/PF/MT;0;0;0
PB;VEICULAÇÃO;2016-08-05;2016;SR/PF/PB;3;2;0
MG;MAR DE LAMA 7;2016-08-10;2016;DPF/GVS/MG;4;0;0
MS;UM ESTRANHO NO NINHO;2016-08-12;2016;SR/PF/MS;0;0;0
DF;ACRÔNIMO - 6ª FASE;2016-08-16;2016;SR/PF/DF;0;0;0
TO;LIVRE CONCORRÊNCIA;2016-08-18;2016;SR/PF/TO;0;0;0
GO;DECANTAÇÃO;2016-08-24;2016;SR/PF/GO;11;4;1
RJ;NEMEUS;2016-08-24;2016;SR/PF/RJ;1;0;0
TO;PORAQUÊ;2016-08-31;2016;DPF/AGA/TO;0;0;0
PB; COUVERT;2016-09-01;2016;DPF/CGE/PB;0;0;0
SP;SEVANDIJA;2016-09-01;2016;DPF/RPO/SP;0;13;0
MG;MAR DE LAMA 8;2016-09-01;2016;DPF/GVS/MG;2;0;0
SP;DANÚBIO;2016-09-05;2016;SR/PF/SP;0;0;0
MA;VOADORES;2016-09-06;2016;SR/PF/MA;2;0;0
GO;Ínsula II;2016-09-08;2016;SR/PF/GO;0;0;0
CE;K.M. LIVRE;2016-09-09;2016;SR/PF/CE;0;0;1
MG;VÉU PROTETOR;2016-09-09;2016;DPF/MOC/MG;0;0;1
DF;ACRÔNIMO - 7ª FASE;2016-09-13;2016;SR/PF/DF;0;0;0
AC;MELINOE - 2ª FASE DA OP. LABOR;2016-09-14;2016;SR/PF/AC;6;0;0
CE;FRATELLO;2016-09-14;2016;DPF/JNE/CE;0;0;0
DF;ACRÔNIMO - 8ª FASE;2016-09-15;2016;SR/PF/DF;0;0;0
AM;MAUS CAMINHOS;2016-09-20;2016;SR/PF/AM;13;4;2
BA;COPÉRNICO 2;2016-09-21;2016;SR/PF/BA;0;0;0
PR;LAVA JATO - FASE 34 - ARQUIVO X;2016-09-22;2016;SR/PF/PR;0;8;0
DF;ACRÔNIMO - 9ª FASE;2016-09-23;2016;SR/PF/DF;0;0;0
PR;LAVA JATO - FASE 35 - OMERTÀ;2016-09-26;2016;SR/PF/PR;0;3;0
DF;HIDRA DE LERNA;2016-10-04;2016;SR/PF/DF;0;0;0
MA;ABSCÔNDITO;2016-10-06;2016;SR/PF/MA;1;0;0
TO;ÁPIA;2016-10-13;2016;SR/PF/TO;0;21;0
BA;LA TRAVIATA;2016-10-14;2016;SR/PF/BA;0;0;0
AP;MIGALHAS;2016-10-14;2016;SR/PF/AP;0;0;0
BA; PRIMA FACIE - FASE II;2016-10-19;2016;DPF/JZO/BA;6;0;0
AM;CAUCANA;2016-10-20;2016;SR/PF/AM;4;0;0
DF;ACRÔNIMO - 10ª FASE;2016-10-21;2016;SR/PF/DF;0;0;0
RO;TROPA DE CHOQUE;2016-10-22;2016;DPF/VLA/RO;7;0;1
PA;DESEDUCA;2016-10-25;2016;DPF/SNM/PA;1;0;0
GO;RECOMEÇO;2016-10-26;2016;DPF/JTI/GO;1;0;0
RS;BANDEJAO;2016-10-27;2016;DPF/BGE/RS;0;0;0
DF;ACRÔNIMO - 11ª FASE;2016-10-27;2016;SR/PF/DF;0;0;0
TO;APIA II;2016-10-28;2016;SR/PF/TO;4;0;0
PR;LAVA JATO - CONEXÃO BRITÂNICA;2016-10-28;2016;SR/PF/PR;1;0;0
TO;FULL HOUSE;2016-11-01;2016;DPF/AGA/TO;0;0;0
BA;BELVEDERE - 2 FASE;2016-11-04;2016;DPF/VDC/BA;26;0;0
PA;CHEQUE EM BRANCO;2016-11-04;2016;SR/PF/PA;0;0;0
PR; ORANGE;2016-11-05;2016;DPF/GPB/PR;0;0;0
SC;MANOBRA DE OSLER;2016-11-10;2016;DPF/XAP/SC;0;0;0
TO;NOSOTROS;2016-11-10;2016;SR/PF/TO;0;0;0
AC;PANACéIA;2016-11-11;2016;DPF/EPA/AC;0;0;0
PR;LAVA JATO - FASE 37 - DESCOBRIDOR;2016-11-17;2016;SR/PF/PR;2;1;0
RJ;CALICUTE;2016-11-17;2016;SR/PF/RJ;9;2;2
PA; PUMA;2016-11-24;2016;DPF/RDO/PA;0;0;0
BA;VIGILANTE;2016-11-25;2016;DPF/VDC/BA;2;2;1
TO;REIS DO GADO;2016-11-28;2016;SR/PF/TO;0;8;1
AC;HOMENS DE PALHA;2016-11-29;2016;DPF/EPA/AC;0;0;0
DF;ACRÔNIMO - 12ª FASE;2016-11-30;2016;SR/PF/DF;0;0;0
SP;MAMÃE NOEL;2016-12-02;2016;DPF/RPO/SP;4;0;0
CE; DEFAULT;2016-12-02;2016;SR/PF/CE;0;0;1
RS;MAPIM;2016-12-07;2016;DPF/BGE/RS;0;0;0
CE;TRÊS CLIMAS;2016-12-07;2016;SR/PF/CE;8;5;1
RS;PHD;2016-12-09;2016;SR/PF/RS;0;6;0
RO;IMPREVIDÊNCIA;2016-12-12;2016;SR/PF/RO;4;0;0
SP;HEFESTA;2016-12-13;2016;SR/PF/SP;0;8;0
RN;FONTE EXTERNA;2016-12-14;2016;SR/PF/RN;0;0;0
AP;DEJA VU;2016-12-14;2016;SR/PF/AP;0;0;0
RR;LIBERTATEM 2;2016-12-15;2016;SR/PF/RR;0;0;0
TO;MAGINOT;2016-12-15;2016;DPF/AGA/TO;0;0;2
DF;TIMOTEO;2016-12-16;2016;SR/PF/DF;4;12;0
AM;CAUCANA - 2ª FASE;2016-12-21;2016;SR/PF/AM;0;0;0
DF;TSE/27;2016-12-27;2016;SR/PF/DF;0;0;0
PB;ANDAIME IV;2017-01-27;2017;DPF/PAT/PB;4;1;0
PE;VORTEX;2017-01-31;2017;SR/PF/PE;0;0;0
AC;LARES;2017-01-31;2017;SR/PF/AC;4;0;0
TO;APIA III;2017-02-07;2017;SR/PF/TO;0;4;0
MS;CONQUISTA;2017-02-14;2017;DPF/NVI/MS;0;0;1
GO;BETSAíDA;2017-02-15;2017;SR/PF/GO;0;0;1
PE;COSA NOSTRA;2017-02-15;2017;SR/PF/PE;0;0;0
PR; RESEARCH I;2017-02-15;2017;SR/PF/PR;0;29;0
PA; DOCÊNCIA INDÍGENA;2017-02-16;2017;DPF/MBA/PA;0;0;0
SP; CATATAU;2017-02-21;2017;DPF/JLS/SP;0;2;0
PR; LAVA JATO - FASE 38 - BLACKOUT;2017-02-23;2017;SR/PF/PR;2;0;0
RO; SCRUTARIUS;2017-02-27;2017;DPF/VLA/RO;0;0;0
PR; RESEARCH II;2017-03-03;2017;SR/PF/PR;0;5;0
RS;FALSO JURAMENTO;2017-03-06;2017;DPF/UGA/RS;2;0;0
AL;BROTHERHOOD II;2017-03-10;2017;SR/PF/AL;0;0;0
PA;MURAJá;2017-03-10;2017;SR/PF/PA;1;0;0
RJ;TOLYPEUTES;2017-03-14;2017;SR/PF/RJ;1;0;0
MG; TYRANNOS II;2017-03-15;2017;DPF/GVS/MG;0;0;0
PR; CARNE FRACA;2017-03-17;2017;SR/PF/PR;27;11;6
MS;PILHAGEM - LICITANTE FANTASMA;2017-03-21;2017;SR/PF/MS;0;0;2
AL;BUIÚ;2017-03-23;2017;SR/PF/AL;0;0;0
PR; LAVA JATO - FASE 39 -  PARALELO;2017-03-28;2017;SR/PF/PR;1;0;0
DF;QUINTO DO OURO;2017-03-29;2017;SR/PF/DF;0;6;0
MG;MAR DE LAMA 9;2017-03-29;2017;DPF/GVS/MG;4;0;0
AL;SURURUGATE;2017-03-30;2017;SR/PF/AL;0;0;0
SP;REPARTIÇÃO;2017-03-30;2017;DPF/JLS/SP;5;0;1
PR; RESEARCH FASE III;2017-03-31;2017;SR/PF/PR;0;0;0
TO;ROTA 26;2017-04-03;2017;SR/PF/TO;0;0;0
MS;TOQUE DE MIDAS;2017-04-04;2017;DPF/PPA/MS;0;0;0
AC;HYBRIS - 03º FASE LABOR;2017-04-05;2017;SR/PF/AC;2;0;0
SP;ÁGUAS CLARAS;2017-04-06;2017;SR/PF/SP;4;0;0
AL;PRIMO RICO;2017-04-11;2017;SR/PF/AL;0;0;0
RJ;FATURA EXPOSTA;2017-04-11;2017;SR/PF/RJ;3;0;0
MG; PAULISTAS;2017-04-18;2017;DPF/GVS/MG;1;0;0
RS; 932/2014 - THORMANN;2017-04-19;2017;SR/PF/RS;0;0;0
PA;CHICKEN;2017-04-20;2017;SR/PF/PA;0;0;0
BA;HARPÓCRATES;2017-04-25;2017;DPF/PSO/BA;0;0;0
CE;POSSANTE;2017-04-26;2017;SR/PF/CE;0;0;1
DF;PERFÍDIA DF;2017-04-26;2017;SR/PF/DF;0;2;1
TO;APIA IV;2017-04-28;2017;SR/PF/TO;0;0;0
MS;TOQUE DE MIDAS II;2017-05-03;2017;DPF/PPA/MS;0;0;0
PR; LAVA JATO - FASE 40 -  ASFIXIA;2017-05-04;2017;SR/PF/PR;2;2;0
BA; FAMIGLIA;2017-05-05;2017;DPF/PSO/BA;0;0;0
PR;ESCOLTA 05/05/2017;2017-05-05;2017;SR/PF/PR;0;0;0
MS;LAMA ASFáLTICA IV - MáQUINAS DE LAMA;2017-05-11;2017;SR/PF/MS;3;0;1
PE;COURAÇA;2017-05-11;2017;DPF/CRU/PE;0;0;0
AL;DEUSA DA ESPADA;2017-05-12;2017;SR/PF/AL;4;0;0
DF;BULLISH;2017-05-12;2017;SR/PF/DF;0;0;0
TO;LUCAS 3:12-13;2017-05-16;2017;SR/PF/TO;0;10;0
PE;SONORA;2017-05-18;2017;SR/PF/PE;0;0;0
DF;PANATENAICO;2017-05-23;2017;SR/PF/DF;0;10;0
MS;TARJA PRETA II - DPF/NVI/MS;2017-05-24;2017;DPF/NVI/MS;0;0;0
GO;DE VOLTA AOS TRILHOS;2017-05-25;2017;SR/PF/GO;2;0;0
MT;GENERAL;2017-05-25;2017;DPF/BRG/MT;0;0;0
PR; LAVA JATO - FASE 41 -  POÇO SECO;2017-05-26;2017;SR/PF/PR;1;1;0
PR; ANTÍDOTO - CARNE FRACA FASE II;2017-05-31;2017;SR/PF/PR;1;0;0
RJ;RATATOUILLE;2017-06-01;2017;SR/PF/RJ;1;0;0
SP; ARRANJO;2017-06-01;2017;DPF/JLS/SP;0;0;0
SP;CIFRA OCULTA;2017-06-01;2017;SR/PF/SP;0;0;0
MA;RÊMORA;2017-06-02;2017;SR/PF/MA;4;1;4
PB;IRERêS;2017-06-02;2017;SR/PF/PB;0;0;0
RN;MANUS;2017-06-06;2017;SR/PF/RN;5;0;0
MT;CAPTAÇÃO;2017-06-07;2017;DPF/SIC/MT;0;0;0
RS;ENTREGA SIMULADA - DPF/SAG/RS;2017-06-07;2017;DPF/SAG/RS;7;0;0
RS;FLORENCE;2017-06-08;2017;DPF/PFO/RS;0;0;0
AL;HODER;2017-06-13;2017;SR/PF/AL;0;4;1
RJ;IGNATUS;2017-06-13;2017;SR/PF/RJ;0;0;0
SP;DESVIO DE CONDUTA;2017-06-13;2017;DPF/CAS/SP;0;0;0
BA;COPERNICO 3;2017-06-20;2017;SR/PF/BA;0;0;0
PI; PASTOR;2017-06-21;2017;SR/PF/PI;2;6;1
MG;DOMICIANO;2017-06-22;2017;DPF/UDI/MG;19;0;0
TO;NAUM;2017-06-27;2017;SR/PF/TO;0;0;0
GO;FUNDO FALSO - DPF/ANS/GO;2017-06-28;2017;DPF/ANS/GO;1;0;0
ES;CASCALHO;2017-06-28;2017;SR/PF/ES;2;0;0
RJ;PONTO FINAL LAVAJATO;2017-07-03;2017;SR/PF/RJ;12;3;1
SP;PAPEL FANTASMA;2017-07-06;2017;SR/PF/SP;0;0;0
BA;ADSUMUS;2017-07-06;2017;SR/PF/BA;0;0;0
MT;SABOTAGEM;2017-07-11;2017;DPF/BRG/MT;0;0;0
MA;DRAGA;2017-07-12;2017;SR/PF/MA;0;0;0
AL;ASTAROTH;2017-07-20;2017;SR/PF/AL;0;0;0
AC;IPL 245/2016-SR/PF/AC;2017-07-20;2017;SR/PF/AC;0;0;0
AC;ABAçAí;2017-07-20;2017;SR/PF/AC;0;0;0
MG; ONÇA;2017-07-20;2017;DPF/GVS/MG;2;0;0
PR; LAVA JATO - FASE 42 -  COBRA;2017-07-27;2017;SR/PF/PR;0;3;0
RS; LIBER PATER;2017-08-02;2017;SR/PF/RS;0;0;0
BA;GENESIS;2017-08-02;2017;DPF/PSO/BA;0;5;1
RR;LIBERTATEM 3;2017-08-02;2017;SR/PF/RR;0;0;0
PE;INSULAS;2017-08-03;2017;SR/PF/PE;0;0;0
RJ;RIO 40 GRAUS;2017-08-03;2017;SR/PF/RJ;9;1;0
AL;CORRELATOS;2017-08-08;2017;SR/PF/AL;0;0;0
MT;DESCARRILHO - VLT;2017-08-09;2017;SR/PF/MT;0;0;0
AC;BRIGADA DE INCêNDIO;2017-08-11;2017;SR/PF/AC;0;0;1
RN;ANTEROS;2017-08-15;2017;SR/PF/RN;0;2;0
SP;ROSA DOS VENTOS;2017-08-15;2017;SR/PF/SP;0;20;0
RS;ÉTIMO;2017-08-16;2017;SR/PF/RS;0;0;0
MT;MARK UP;2017-08-17;2017;SR/PF/MT;0;0;0
TO;CONVERGÊNCIA;2017-08-18;2017;SR/PF/TO;0;0;0
DF;HAVANA;2017-08-18;2017;SR/PF/DF;0;0;0
ES;MOXUARA;2017-08-18;2017;SR/PF/ES;0;0;0
PR; LAVA JATO - FASE 43 -  SEM FRONTEIRAS;2017-08-18;2017;SR/PF/PR;0;2;0
PR; LAVA JATO - FASE 44 -  ABATE;2017-08-18;2017;SR/PF/PR;0;4;0
RS; REFORMADOS;2017-08-21;2017;SR/PF/RS;1;0;0
PR; LAVA JATO - FASE 45 -  ABATE 2;2017-08-23;2017;SR/PF/PR;0;0;0
RN;QUEBRA DE CONFIANçA;2017-08-30;2017;SR/PF/RN;1;0;0
RS;CANCELA LIVRE;2017-08-30;2017;SR/PF/RS;0;0;0
MS;CAMBOTA;2017-09-12;2017;DPF/TLS/MS;0;0;0
AC;DOLOS-APATE (04º FASE LABOR);2017-09-13;2017;SR/PF/AC;7;0;0
CE;FRATERNIDADE;2017-09-13;2017;SR/PF/CE;0;9;0
SC;OUVIDOS MOUCOS;2017-09-14;2017;SR/PF/SC;0;7;0
MT;MALEBOLGE (ARARATH FASE 12);2017-09-14;2017;SR/PF/MT;0;0;0
BA;CHRONOS;2017-09-19;2017;DPF/VDC/BA;0;0;1
BA;SYAGRUS;2017-09-19;2017;DPF/VDC/BA;0;0;0
AL;MIOLO DE POTE;2017-09-21;2017;SR/PF/AL;0;0;0
BA;INFLET;2017-09-21;2017;DPF/VDC/BA;0;0;0
MT;ARARATH FASE 13;2017-09-27;2017;SR/PF/MT;1;0;0
TO;VICINALIS;2017-09-28;2017;DPF/AGA/TO;0;0;0
RR;ANEL DE GIGES;2017-09-28;2017;SR/PF/RR;0;0;1
PE;MATA NORTE;2017-09-29;2017;SR/PF/PE;1;8;0
RJ;INóPIA;2017-10-06;2017;DPF/NIG/RJ;0;22;0
RS;SPY;2017-10-10;2017;SR/PF/RS;6;0;0
PR;ESCOLTA 11/10/2017;2017-10-11;2017;SR/PF/PR;0;0;0
RN;UMBRA;2017-10-19;2017;SR/PF/RN;0;0;0
PR; LAVA JATO - FASE 46 -  SUBITO;2017-10-20;2017;SR/PF/PR;2;1;0
PI;ARGENTUM;2017-10-26;2017;SR/PF/PI;0;12;1
RN;LAVAT;2017-10-26;2017;SR/PF/RN;2;1;0
MG;TATURANA;2017-10-26;2017;DPF/GVS/MG;0;0;0
AC;BURACOS;2017-10-30;2017;SR/PF/AC;0;0;4
RN;IPL 505/2014;2017-10-31;2017;SR/PF/RN;0;0;0
AP;SENHORES DA FOME;2017-10-31;2017;SR/PF/AP;0;4;0
TO;MARCAPASSO;2017-11-07;2017;SR/PF/TO;0;12;1
BA;FRATERNOS;2017-11-07;2017;DPF/PSO/BA;0;21;1
PB;TITÂNIO SR/PF/PB;2017-11-07;2017;SR/PF/PB;0;0;0
PA;CONCORRêNCIA ZERO;2017-11-09;2017;SR/PF/PA;0;0;0
PE;TORRENTES;2017-11-09;2017;SR/PF/PE;9;15;0
PR; LAVA JATO - RETIFICA;2017-11-10;2017;SR/PF/PR;0;0;0
RR;LLIBERTAT;2017-11-13;2017;SR/PF/RR;0;0;0
MS;PAPIROS DE LAMA - LAMA ASFáLTICA FASE V;2017-11-14;2017;SR/PF/MS;2;2;1
DF;BACKBONE;2017-11-14;2017;SR/PF/DF;0;0;0
RR;LIBERTATEM 3 CAPITAL;2017-11-14;2017;SR/PF/RR;0;0;1
GO;ANAIDEIA;2017-11-14;2017;SR/PF/GO;0;2;0
MA;PEGADORES;2017-11-16;2017;SR/PF/MA;2;22;0
RR;FRIHED;2017-11-17;2017;SR/PF/RR;0;0;0
RS;LARANJA MECâNICA;2017-11-21;2017;DPF/LIV/RS;0;5;2
PR; LAVA JATO - FASE 47 - SOTHIS;2017-11-21;2017;SR/PF/PR;0;1;0
BA;LATERONIS;2017-11-23;2017;DPF/VDC/BA;9;4;0
RR;ASKATASUNA;2017-11-23;2017;SR/PF/RR;0;0;1
MS;IPL Nº 184/2017-SR/PF/MS;2017-11-24;2017;SR/PF/MS;0;0;0
RR;LIBERTAD;2017-11-27;2017;SR/PF/RR;0;0;0
SP;TORNIQUETE;2017-11-29;2017;SR/PF/SP;0;0;2
RR;AZADIYÊ;2017-11-29;2017;SR/PF/RR;0;0;0
AL;CARIBDIS;2017-11-30;2017;SR/PF/AL;0;0;0
MG;ESTIRPE;2017-11-30;2017;DPF/URA/MG;0;0;0
MT;O GRANDE TRUQUE;2017-11-30;2017;DPF/BRG/MT;0;0;0
RR;FREEDOM;2017-12-01;2017;SR/PF/RR;0;0;0
PR;ESCOLTA 04/12/2017 SR/PR;2017-12-04;2017;SR/PF/PR;0;0;0
AL;KALI;2017-12-05;2017;SR/PF/AL;0;0;1
TO;MARCAPASSO II;2017-12-05;2017;SR/PF/TO;0;4;0
BA;MELINOE;2017-12-05;2017;DPF/VDC/BA;0;0;0
RR;FREIHEIT;2017-12-05;2017;SR/PF/RR;0;0;0
RR;LIBERTÉ;2017-12-05;2017;SR/PF/RR;0;0;1
RR;RHYDDID;2017-12-05;2017;SR/PF/RR;0;0;1
RJ;BASURA;2017-12-05;2017;DPF/MCE/RJ;4;0;0
MG;ESPERANçA EQUILIBRISTA;2017-12-06;2017;SR/PF/MG;0;0;0
PR;ESCOLTA 06/12/2017 SR/PR;2017-12-06;2017;SR/PF/PR;0;0;0
SC;TORRE DE MARFIM;2017-12-07;2017;SR/PF/SC;0;0;0
SP;FRANCIS DRAKE;2017-12-11;2017;SR/PF/SP;0;0;0
TO;APIA V;2017-12-12;2017;SR/PF/TO;0;0;1
AP;SENHORES DA FOME II;2017-12-15;2017;SR/PF/AP;1;0;0
MS;EX NIHILO NIHIL FIT;2018-01-02;2018;PF/PPA/MS;0;0;0
AM;ESTADO DE EMERGÊNCIA II;2018-01-04;2018;SR/PF/AM;2;0;0
RJ;MÃOS À OBRA;2018-01-23;2018;SR/PF/RJ;3;3;1
MS;AGAIN;2018-01-25;2018;SR/PF/MS;0;0;0
RJ;IPL 19/2013 - DELECOR;2018-01-29;2018;SR/PF/RJ;0;0;0
DF;PAUSARE;2018-02-01;2018;SR/PF/DF;1;0;0
PE;TORRENTES - FASE II;2018-02-08;2018;SR/PF/PE;7;0;0
AM;CUSTO POLÍTICO;2018-02-09;2018;SR/PF/AM;4;9;1
MG;EDITOR;2018-02-21;2018;PF/JFA/MG;5;0;1
PR; LAVA JATO - FASE 48 - INTEGRAÇÃO;2018-02-22;2018;SR/PF/PR;10;15;2
RJ;JABUTI;2018-02-23;2018;SR/PF/RJ;2;3;0
BA;CARTÃO VERMELHO;2018-02-26;2018;SR/PF/BA;0;0;0
TO;PONTES DE PAPEL;2018-03-06;2018;SR/PF/TO;0;0;0
SP; REBOOT;2018-03-07;2018;PF/MII/SP;0;0;0
PR; LAVA JATO - FASE 49 - BUONA FORTUNA;2018-03-09;2018;SR/PF/PR;0;0;0
PR;14 BIS;2018-03-13;2018;PF/LDA/PR;0;20;2
RJ;PÃO NOSSO;2018-03-13;2018;SR/PF/RJ;15;5;1
RN; TRISTITIA (OP. BARAÚNA);2018-03-20;2018;SR/PF/RN;1;0;0
RS;EFEITO COLATERAL - PASSO FUNDO;2018-03-20;2018;PF/PFO/RS;0;0;0
PR; LAVA JATO - FASE 50 - SOTHIS II;2018-03-23;2018;SR/PF/PR;0;0;0
RJ;VICIOS II;2018-03-23;2018;SR/PF/RJ;0;0;1
AL;TÂNTALO;2018-03-26;2018;SR/PF/AL;0;0;0
DF;IPL Nº 321/2018 - SR/PF/DF;2018-03-27;2018;SR/PF/DF;0;0;0
RJ;PROC.0032358-19-DELECOR;2018-03-28;2018;SR/PF/RJ;0;0;0
UC;SKALA;2018-03-29;2018;DICOR/PF;15;0;0
PB;XEQUE MATE;2018-04-03;2018;SR/PF/PB;11;0;0
MT;MERENDA SEGURA;2018-04-04;2018;PF/CAE/MT;0;0;2
GO;JABACULÊ;2018-04-06;2018;SR/PF/GO;0;0;1
SP;SUD;2018-04-06;2018;SR/PF/SP;1;0;0
RR;CAPILÉ;2018-04-10;2018;SR/PF/RR;8;0;0
AL;MALACAFA;2018-04-10;2018;SR/PF/AL;0;0;0
UC;TIRA-TEIMA;2018-04-10;2018;DICOR/PF;0;0;0
SP;TORNIQUETE 2;2018-04-19;2018;PF/SSB/SP.;0;0;0
SP;PRELÚDIO;2018-04-19;2018;PF/SSB/SP.;0;0;0
AL; RIO LARGO;2018-04-23;2018;NIP/SR/PF/AL;1;0;0
UC;METANÓIA;2018-04-24;2018;DICOR/PF;0;0;0
PA;MALACODA;2018-04-25;2018;SR/PF/PA;0;0;0
MT;APATE;2018-04-26;2018;SR/PF/MT;0;0;0
BA; AGENTES NOCIVOS;2018-04-26;2018;PF/PSO/BA;0;0;0
RO;XEQUE MATE;2018-04-27;2018;SR/PF/RO;0;0;0
BA;DESCONSTRUÇÃO;2018-05-03;2018;PF/VDC/BA;0;0;0
MS;CUMPRIMENTO DE MANDADOS DE PRISÃO DA  LAMA ASFÁLTICA;2018-05-08;2018;SR/PF/MS;8;0;0
PR; LAVA JATO - FASE 51 - DEJA VU;2018-05-08;2018;SR/PF/PR;0;0;0
SP;PRATO FEITO;2018-05-09;2018;SR/PF/SP;0;0;3
AL;CATABIU;2018-05-10;2018;NIP/SR/PF/AL;0;0;0
AL;CANAPI;2018-05-10;2018;NIP/SR/PF/AL;0;0;0
RJ;FAREJADOR 2;2018-05-10;2018;SR/PF/RJ;0;0;0
RS;EFEITO COLATERAL II  - PF ONCOLOGIA;2018-05-15;2018;SR/PF/RS;0;0;0
RJ;ASCLEPIO;2018-05-15;2018;SR/PF/RJ;0;0;0
PE;INGERÊNCIA;2018-05-15;2018;SR/PF/PE;3;0;0
SC;CASCALHO;2018-05-17;2018;PF/DCQ/SC;0;0;0
PR; LAVA JATO - FASE 52 INTERMEDIÁRIA - SCHMIDT;2018-05-24;2018;SR/PF/PR;0;0;0
RO;CIRANDA;2018-05-29;2018;SR/PF/RO;0;10;0
AP;DIAGNOSIS;2018-05-29;2018;SR/PF/AP;0;11;0
BA;JURAMENTO DE HIPÓCRATES;2018-05-30;2018;PF/PSO/BA;0;0;0
DF;REGISTRO ESPÚRIO - 1ª FASE;2018-05-30;2018;SR/PF/DF;8;15;0
SP;SUD 2;2018-06-04;2018;SR/PF/SP;3;0;0
PR; LAVA JATO - FASE 52 INTERMEDIÁRIA - BOCALETTI;2018-06-05;2018;SR/PF/PR;0;0;0
MG;OBRA NOSSA;2018-06-07;2018;PF/GVS/MG;0;0;0
SC;CIBUM;2018-06-08;2018;PF/JVE/SC;0;0;0
AL;CAPITAL DOS MARECHAIS;2018-06-08;2018;SR/PF/AL;0;0;0
DF;REGISTRO ESPÚRIO - 2ª FASE;2018-06-12;2018;SR/PF/DF;0;0;0
PR; LAVA JATO - FASE 52 - GREENWICH;2018-06-21;2018;SR/PF/PR;1;1;0
SP;PEDRA NO CAMINHO;2018-06-21;2018;SR/PF/SP;0;15;0
SE;ANALGESIA;2018-06-26;2018;SR/PF/SE;0;0;0
RR;GÁRGULAS;2018-06-28;2018;SR/PF/RR;0;0;1
RJ;RESSONANCIA;2018-07-04;2018;SR/PF/RJ;13;9;0
DF;REGISTRO ESPÚRIO - 3ª FASE;2018-07-05;2018;SR/PF/DF;0;3;0
SE;SETE METROS;2018-07-12;2018;NIP/SR/PF/SE;0;0;0
MG;ENCOMENDA;2018-07-12;2018;SR/PF/MG;1;0;0
PR;MANDADO DE PRISÃO - FERNANDO NAVARRO FILHO;2018-07-12;2018;PF/LDA/PR;1;0;0
CE; AVANTE;2018-07-13;2018;SR/PF/CE;0;0;0
UC; INQ. 4683 STF PET. 7619;2018-07-16;2018;DICOR/PF;0;0;0
PB;XEQUE-MATE II;2018-07-19;2018;SR/PF/PB;0;0;0
MS;PAPIROS DE LAMA - LAMA ASFÁLTICA FASE V - ALTO ESCALÃO;2018-07-20;2018;SR/PF/MS;3;0;0
BA;CIRANDA DE PEDRA;2018-07-24;2018;PF/VDC/BA;0;0;0
DF;ZELOTES - 10ª FASE;2018-07-26;2018;NIP/SR/PF/DF;0;0;0
RN;VIA TRAJANA;2018-07-31;2018;SR/PF/RN;0;0;1
SP;FARRA NO TESOURO;2018-07-31;2018;PF/JLS/SP;4;1;0
PI;TOPIQUE;2018-08-02;2018;NIP/SR/PF/PI;13;9;0
ES;FRUTO PODRE;2018-08-08;2018;SR/PF/ES;0;0;1
TO;MÍNIMA MORALIA (BAGRATION 3);2018-08-08;2018;PF/AGA/TO;0;0;0
BA;ADSUMUS V;2018-08-09;2018;SR/PF/BA;3;0;0
UC;ACERTO DE NÚMERO 21-01-2019 PELAS DUPLICADAS;2018-08-13;2018;DICOR/PF;0;0;26
RR;GÁRGULAS DOIS;2018-08-13;2018;SR/PF/RR;0;0;0
UC;AC 4400;2018-08-13;2018;DICOR/PF;0;0;0
TO;TOTH;2018-08-15;2018;SR/PF/TO;0;0;0
SE;MARCHA A RÉ;2018-08-16;2018;NIP/SR/PF/SE;0;0;0
RJ;GOLIAS;2018-08-16;2018;SR/PF/RJ;1;0;0
RO; BLISTER - IPL 230/2016 - DPF/VLA/RO;2018-08-17;2018;PF/VLA/RO;0;0;0
BA;OFFERUS;2018-08-21;2018;SR/PF/BA;1;0;0
RN;UNLOCK;2018-08-28;2018;SR/PF/RN;0;0;0
AC;ÍCARO;2018-08-28;2018;SR/PF/AC;0;0;0
AL;MARGEM DO SÃO FRANCISCO;2018-08-28;2018;SR/PF/AL;0;0;0
PB;VOLTA POR BAIXO;2018-08-30;2018;SR/PF/PB;0;0;0
TO; NUDAE;2018-08-31;2018;SR/PF/TO;0;0;0
RJ;SOS;2018-08-31;2018;SR/PF/RJ;13;7;0
MG;ESTEIO;2018-09-05;2018;SR/PF/MG;0;0;0
RS;EFEITO COLATERAL III;2018-09-05;2018;SR/PF/RS;0;0;0
MS; VOSTOK;2018-09-12;2018;SR/PF/MS;0;13;1
UC;VOSTOK;2018-09-12;2018;DICOR/PF;0;14;0
RJ;VICIOS II - FASE 2;2018-09-14;2018;SR/PF/RJ;0;0;1
RN;GUARAÍRAS;2018-09-18;2018;SR/PF/RN;0;0;3
RN;TITEREIRO;2018-09-18;2018;SR/PF/RN;0;0;0
DF;REGISTRO ESPÚRIO - 4ª FASE;2018-09-18;2018;SR/PF/DF;0;9;0
PA;HOSPITATOR;2018-09-20;2018;SR/PF/PA;0;4;0
SC;PATRIARCADO;2018-09-20;2018;PF/XAP/SC;0;0;0
UC;INQ. 1236-DF/STJ;2018-09-21;2018;DICOR/PF;0;0;0
PA;ÁBACO;2018-09-25;2018;PF/SNM/PA;0;0;0
MA;PATRANHA;2018-09-25;2018;PF/ITZ/MA;0;0;0
PR; LAVA JATO - FASE 54 - CONEXÃO PORTUGAL;2018-09-25;2018;SR/PF/PR;0;0;0
PR; LAVA JATO - FASE 55 - INTEGRAÇÃO II;2018-09-26;2018;SR/PF/PR;3;16;1
GO;TRILHO - 5X;2018-09-26;2018;SR/PF/GO;0;0;0
MG;GHOST WRITER - FASE II DA EDITOR;2018-09-26;2018;PF/JFA/MG;0;0;0
RJ;CORAÇÃO LEVIANO;2018-09-26;2018;SR/PF/RJ;1;0;0
AC;HEFESTO SR/PF/AC;2018-09-27;2018;SR/PF/AC;4;3;0
AP;ARAUTO;2018-09-27;2018;SR/PF/AP;0;7;0
PB;RAIO X;2018-09-27;2018;PF/CGE/PB;0;0;0
UC;METANÓIA II;2018-09-27;2018;DICOR/PF;0;0;0
RS; LOCUS;2018-10-03;2018;PF/LIV/RS;0;0;0
AM;CASHBACK;2018-10-11;2018;SR/PF/AM;2;16;1
AM;HEMOSTASIA;2018-10-11;2018;SR/PF/AM;0;0;0
SP; NEREU;2018-10-16;2018;PF/JLS/SP;0;2;0
PA; FROTA DE BARRO;2018-10-16;2018;PF/MBA/PA;0;0;0
MA;PEIXE DE TOBIAS;2018-10-18;2018;SR/PF/MA;0;8;0
PR; LAVA JATO -  CONCESSUS;2018-10-22;2018;SR/PF/PR;0;0;0
DF;NIBELUNGO;2018-10-23;2018;SR/PF/DF;0;0;0
PB;IPL 460/2018 - SR/PF/PB;2018-10-23;2018;SR/PF/PB;0;0;2
PA; GRANDE SALTO;2018-10-25;2018;PF/MBA/PA;1;5;0
PA;PARTIALIS;2018-10-25;2018;PF/MBA/PA;4;4;0
DF;PONTO DE ENCONTRO;2018-10-31;2018;SR/PF/DF;0;0;0
SP;TRITÃO;2018-10-31;2018;SR/PF/SP;0;7;0
BA;A SOMBRA E A ESCURIDÃO;2018-11-06;2018;PF/ILS/BA;7;0;1
BA;ELYMAS MAGUS;2018-11-06;2018;PF/ILS/BA;6;0;0
RJ;FURNA DA ONÇA;2018-11-08;2018;SR/PF/RJ;15;19;0
UC;ARMISTÍCIO;2018-11-08;2018;DICOR/PF;0;0;0
PA;CARTA DE FORAL;2018-11-09;2018;SR/PF/PA;0;0;0
SE;ÁRION;2018-11-12;2018;NIP/SR/PF/SE;0;0;0
SP;CALLICHIRUS;2018-11-13;2018;PF/RPO/SP;2;2;0
RO;PEDÁGIO;2018-11-21;2018;PF/JPN/RO;10;0;0
CE; BRICOLAGEM;2018-11-21;2018;PF/JNE/CE;0;0;0
PB;RECIDIVA;2018-11-22;2018;PF/PAT/PB;9;8;0
PR; LAVA JATO - FASE 56 - SEM FUNDOS;2018-11-23;2018;SR/PF/PR;8;14;2
AL;PLAYGROUND NORDESTINO;2018-11-26;2018;SR/PF/AL;0;0;0
AL;SESMARIA ALAGOANA;2018-11-27;2018;SR/PF/AL;3;0;0
PE;SOLARIS;2018-11-28;2018;PF/SGO/PE;0;0;0
MA;HUBRIS;2018-11-29;2018;SR/PF/MA;0;0;2
RR;ESCURIDÃO;2018-11-29;2018;SR/PF/RR;11;0;0
RJ;BOCA DE LOBO;2018-11-29;2018;SR/PF/RJ;9;0;0
RR;TÂNTALO;2018-12-04;2018;SR/PF/RR;5;0;0
RS;EFEITO COLATERAL IV;2018-12-04;2018;SR/PF/RS;0;0;0
PR; LAVA JATO - FASE 57 - SEM LIMITES;2018-12-05;2018;SR/PF/PR;11;0;0
GO; CONFRARIA;2018-12-06;2018;SR/PF/GO;0;8;0
RJ;BOCA DE LOBO - FASE 2;2018-12-10;2018;SR/PF/RJ;0;0;1
PB; RECIDIVA ? SEGUNDA FASE;2018-12-11;2018;PF/PAT/PB;7;0;0
UC;ROSS;2018-12-11;2018;DICOR/PF;0;0;0
SP;TRATO FEITO;2018-12-13;2018;SR/PF/SP;2;0;1
AC;ÍCARO II;2018-12-13;2018;SR/PF/AC;0;0;0
AC;SARCOPHAGUM;2018-12-13;2018;SR/PF/AC;5;0;0
RR;ZARAGATA;2018-12-14;2018;SR/PF/RR;9;0;1
RN;LIBER PRETIOSA;2018-12-17;2018;SR/PF/RN;0;0;0
TO; NUDAE II;2018-12-19;2018;SR/PF/TO;1;0;0
PE;DEADLINE;2018-12-19;2018;SR/PF/PE;0;0;0
RJ;MBA`S - DELECOR RJ;2018-12-19;2018;SR/PF/RJ;0;0;0
UC;PET 8020;2018-12-19;2018;DICOR/PF;0;0;0
UC;ROSS - 2ª FASE;2018-12-20;2018;DICOR/PF;0;0;0
PR; CARNE FRACA - FASE II - ANTÍDOTO;2019-01-01;2019;SR/PF/PR;0;0;0
SC;349/2015;2019-01-23;2019;PF/JVE/SC;0;0;0
RS;DOIS CAMPOS;2019-01-23;2019;NIP/SR/PF/RS;0;0;0
RO;PEDÁGIO 2ª FASE;2019-01-23;2019;PF/JPN/RO;1;0;0
TO;DEJAVU;2019-01-24;2019;PF/AGA/TO;0;0;0
PR; LAVA JATO - FASE 58 - INTEGRAÇÃO III;2019-01-25;2019;SR/PF/PR;2;0;0
SP;PEDRA NO CAMINHO II;2019-01-30;2019;SR/PF/SP;0;0;0
PR; LAVA JATO - FASE 59 - QUINTO ANO;2019-01-31;2019;SR/PF/PR;3;0;0
AL;NARANDIBA;2019-02-05;2019;SR/PF/AL;0;0;0
MT;BLACKMAIL;2019-02-06;2019;PF/BRG/MT;0;0;0
SE;ACESSO NEGADO - CANINDÉ DO SÃO FRANCISCO - GAME OVER;2019-02-12;2019;SR/PF/SE;0;0;0
MS; PURIFICAÇÃO;2019-02-12;2019;PF/DRS/MS;0;1;0
AL;RETOMANDA;2019-02-13;2019;SR/PF/AL;0;0;0
CE;FRATURA EXPOSTA;2019-02-14;2019;SR/PF/CE;0;2;0
MS;APRENDIZ;2019-02-14;2019;SR/PF/MS;0;0;0
RJ;OP. LAVA JATO - REGIS FICHTNER;2019-02-15;2019;SR/PF/RJ;2;0;0
PE;FANTOCHES;2019-02-19;2019;SR/PF/PE;0;10;0
ES;SNACK ZERO;2019-02-19;2019;PF/CIT/ES;0;0;0
PR; LAVA JATO - FASE 60 - AD INFINITUM;2019-02-19;2019;SR/PF/PR;2;0;1
RN;TU QUOQUE BRUTE;2019-02-26;2019;PF/MOS/RN;1;0;0
RJ;CONSIGLIERE - FASE 2;2019-02-26;2019;SR/PF/RJ;0;0;0
PA;SALDO ZERO;2019-02-27;2019;SR/PF/PA;7;0;0
SP;CHECK OUT;2019-03-12;2019;SR/PF/SP;0;1;1
RO;DIARISTA;2019-03-12;2019;SR/PF/RO;0;0;0
MT;ONIPRESENTE;2019-03-13;2019;PF/CAE/MT;0;0;0
AL;BALDROCA;2019-03-13;2019;SR/PF/AL;0;0;0
PI; BOCA LIVRE - DELECOR/PI;2019-03-20;2019;SR/PF/PI;0;0;1
BA;KEPLER;2019-03-20;2019;SR/PF/BA;0;0;0
RJ;CAMBIO DESLIGO 2;2019-03-20;2019;SR/PF/RJ;2;1;0
RS;ALFORJE;2019-03-21;2019;SR/PF/RS;0;0;0
RJ;DESCONTAMINAÇÃO;2019-03-21;2019;SR/PF/RJ;8;2;1
PB;XEQUE-MATE III;2019-03-22;2019;SR/PF/PB;1;0;0
SP;HOME;2019-03-26;2019;PF/SOD/SP;0;4;0
PB; CAPTURA II;2019-03-26;2019;PF/CGE/PB;1;0;0
RN;TIRO;2019-03-28;2019;SR/PF/RN;1;0;0
GO; DECANTAÇÃO 2;2019-03-28;2019;SR/PF/GO;0;3;0
PE; PESCARIA II;2019-03-28;2019;PF/CRU/PE;8;0;0
RJ;AMIU;2019-04-02;2019;SR/PF/RJ;0;0;0
SE;ACESSO NEGADO - FREI PAULO;2019-04-04;2019;SR/PF/SE;0;0;0
SE;ACESSO NEGADO - POÇO REDONDO;2019-04-04;2019;SR/PF/SE;0;0;0
SE;ACESSO NEGADO - MACAMBIRA;2019-04-04;2019;SR/PF/SE;0;0;0
GO; DECANTAÇÃO 3;2019-04-04;2019;SR/PF/GO;0;3;0
CE;AFIUSAS;2019-04-05;2019;SR/PF/CE;0;6;0
RO;FEUDO;2019-04-10;2019;PF/JPN/RO;5;4;0
BA;INFINITA HIGHWAY;2019-04-11;2019;SR/PF/BA;0;0;0
SP;E O VENTO LEVOU;2019-04-11;2019;SR/PF/SP;0;0;0
GO;INFINITA HIGHWAY;2019-04-11;2019;SR/PF/GO;0;0;0
CE; VELA E PREGO;2019-04-12;2019;SR/PF/CE;0;0;0
RJ;ULTRAJE;2019-04-15;2019;PF/NIG/RJ;6;1;0
BA;THREE HILLS;2019-04-16;2019;PF/VDC/BA;0;0;0
TO; KRANK;2019-04-18;2019;SR/PF/TO;1;0;0
AM;ZERO UM;2019-04-22;2019;SR/PF/AM;1;0;0
PR;IPL 0268-2015-4-SR-PF-PR;2019-04-24;2019;SR/PF/PR;0;0;0
BA;CONDOTTIERI II;2019-04-26;2019;PF/VDC/BA;0;0;0
PB; RECIDIVA 3;2019-04-30;2019;PF/PAT/PB;0;0;0
TO; KRANK II;2019-05-03;2019;SR/PF/TO;0;0;0
MS;NOTA ZERO;2019-05-08;2019;SR/PF/MS;0;0;1
PR; LAVA JATO - FASE 61 - DISFARCES DE MAMOM;2019-05-08;2019;SR/PF/PR;3;3;0
RN;BALCÃO;2019-05-08;2019;SR/PF/RN;0;0;0
RJ;XAVANTES;2019-05-08;2019;PF/NIG/RJ;0;0;0
PE;CHOFER;2019-05-15;2019;PF/SGO/PE;0;0;0
MG;FRAUDE TOTAL;2019-05-21;2019;PF/JFA/MG;0;3;0
RO;INTER FRATREM;2019-05-22;2019;SR/PF/RO;4;4;0
TO;REITERATES;2019-05-22;2019;PF/AGA/TO;0;0;0
PB;XEQUE-MATE IV;2019-05-22;2019;SR/PF/PB;0;0;0
MG;DESVIA;2019-05-23;2019;PF/JFA/MG;0;0;0
MG;ABSIDE;2019-05-23;2019;SR/PF/MG;0;0;0
MS;ATALHOS;2019-05-28;2019;PF/TLS/MS;0;0;0
RJ;CLANDESTINOS;2019-05-29;2019;SR/PF/RJ;3;2;0
BA;PEDRA AFIADA;2019-05-30;2019;PF/VDC/BA;0;0;0
SC;ALCATRAZ;2019-05-30;2019;SR/PF/SC;8;3;1
MG;ESCOBAR;2019-06-05;2019;SR/PF/MG;3;1;0
RJ;TERGIVERSAÇÃO;2019-06-11;2019;SIP/SR/PF/RJ;6;3;0
SE;DUAS PEDRAS;2019-06-12;2019;SR/PF/SE;0;0;0
RO;PARE E SIGA;2019-06-14;2019;SR/PF/RO;0;0;0
PB;CERCO;2019-06-14;2019;PF/CGE/PB;0;0;0
SP; REBOOT (END POINT);2019-06-18;2019;PF/MII/SP;0;0;0
TO;DOSE PARA LEÃO;2019-06-27;2019;PF/AGA/TO;0;0;0
AP; PEDÁGIO;2019-06-27;2019;SR/PF/AP;2;0;0
PE;INSANIDADE;2019-06-27;2019;PF/CRU/PE;0;0;2
RJ;IPL Nº 51/2019 - DELECOR;2019-07-01;2019;SR/PF/RJ;0;1;0
RO; CARROSSEL;2019-07-04;2019;SR/PF/RO;0;5;0
RR;TANTALO II;2019-07-04;2019;SR/PF/RR;4;0;0
MG;DESVIA - FASE III;2019-07-09;2019;PF/JFA/MG;0;0;0
RO;MÃO DUPLA;2019-07-10;2019;SR/PF/RO;1;6;0
PE;REMENDA SEQUESTRO;2019-07-18;2019;SR/PF/PE;0;0;0
AM;VERTEX;2019-07-19;2019;SR/PF/AM;0;12;0
ES;ENDOSSO;2019-07-19;2019;SR/PF/ES;0;0;0
RO;REAÇÃO EM CADEIA;2019-07-22;2019;SR/PF/RO;1;0;0
PB;FAMINTOS;2019-07-24;2019;PF/CGE/PB;0;14;2
PB;FEUDO;2019-07-24;2019;PF/CGE/PB;0;3;1
MT;REI SOL;2019-07-24;2019;PF/BRG/MT;0;0;0
AM;EMINÊNCIA PARDA;2019-07-30;2019;SR/PF/AM;2;0;0
RR;QUÍRON;2019-08-01;2019;SR/PF/RR;0;0;0
MA;CRUZETAS;2019-08-02;2019;SR/PF/MA;0;0;0
MG;ROTA BR 090;2019-08-06;2019;SR/PF/MG;6;4;0
PA;CIDADELA;2019-08-06;2019;SR/PF/PA;0;0;0
SC;BANDAGEM;2019-08-07;2019;PF/XAP/SC;0;0;0
RJ;FALSA LAVRA;2019-08-07;2019;SR/PF/RJ;0;0;1
TO;O MECANISMO;2019-08-08;2019;SR/PF/TO;0;0;1
PE; OCTOPUS I;2019-08-08;2019;PF/SGO/PE;0;2;0
AL;CASMURROS;2019-08-10;2019;SR/PF/AL;0;15;0
SP;#TUDONOSSO;2019-08-13;2019;PF/ARU/SP;0;15;0
PR; LAVA JATO - FASE 63 - CARBONARA CHIMICA;2019-08-21;2019;SR/PF/PR;0;2;0
PB;FAMINTOS - FASE 2;2019-08-22;2019;PF/CGE/PB;3;5;0
SP;CÍRCULO VICIOSO;2019-08-22;2019;SR/PF/SP;0;21;0
PR; LAVA JATO - FASE 64 - PENTITI;2019-08-23;2019;SR/PF/PR;0;0;0
SC;A BORDO;2019-08-30;2019;PF/JVE/SC;0;0;1
SP; VAGATOMIA;2019-09-03;2019;PF/JLS/SP;12;11;0
PI;PELOPONESO;2019-09-04;2019;SR/PF/PI;0;0;0
SC;MANCAT / POSTAL OFF;2019-09-06;2019;SR/PF/SC;11;1;0
MS;NESSUM DORMA ADSUMUS;2019-09-06;2019;PF/DRS/MS;2;0;0
PR; LAVA JATO - FASE 65 - GALERIA;2019-09-10;2019;SR/PF/PR;1;0;0
BA;INJUSTA CAUSA;2019-09-11;2019;SR/PF/BA;0;0;0
PE;DESINTEGRAÇÃO;2019-09-19;2019;SR/PF/PE;0;0;0
TO; CAROTENÓIDES;2019-09-24;2019;SR/PF/TO;2;0;0
SC;ARRITMIA;2019-09-24;2019;PF/XAP/SC;0;0;0
PI; SATÉLITES (2A. FASE DA  TOPIQUE);2019-09-25;2019;NIP/SR/PF/PI;0;0;0
AL;CASA ABANDONADA;2019-09-26;2019;NIP/SR/PF/AL;0;8;0
PB;FAMINTOS - FASE 3;2019-09-26;2019;PF/CGE/PB;1;1;0
TO;12º TRABALHO;2019-09-26;2019;SR/PF/TO;3;0;0
PB;XEQUE MATE 5 - ÁREA DA SAÚDE;2019-09-30;2019;SR/PF/PB;0;0;0
TO;URUTAU;2019-10-01;2019;SR/PF/TO;0;3;0
PR; CARNE FRACA - FASE IV - ROMANOS;2019-10-01;2019;SR/PF/PR;0;0;0
RJ;ARMADEIRA;2019-10-02;2019;SR/PF/RJ;6;5;0
TO;IMHOTEP;2019-10-02;2019;PF/AGA/TO;4;0;0
SP;ESTRELA CADENTE;2019-10-03;2019;SR/PF/SP;0;0;0
RS;AUTOCLAVE;2019-10-09;2019;SR/PF/RS;0;0;0
SE; MOSQUETEIROS;2019-10-10;2019;SR/PF/SE;0;0;0
PB;SIMBIOSE;2019-10-22;2019;PF/CGE/PB;0;0;0
PR; LAVA JATO - FASE 67 - TANGO & CASH;2019-10-23;2019;SR/PF/PR;0;0;0
AP;ARAUTO II;2019-10-24;2019;SR/PF/AP;0;3;0
RO;ESCRAVOS DE JÓ;2019-10-30;2019;PF/VLA/RO;0;0;1
RO;ILICITAÇÃO;2019-10-30;2019;PF/VLA/RO;0;2;0
PB;RASTRO;2019-10-30;2019;PF/CGE/PB;0;0;0
PA;CONTRASTE;2019-11-05;2019;PF/SNM/PA;0;0;0
TO;REPLICANTES;2019-11-06;2019;SR/PF/TO;2;2;1
SP;APPIUS;2019-11-07;2019;SR/PF/SP;0;0;0
PA;VISSAIUM;2019-11-12;2019;SR/PF/PA;10;4;1
MS;SODALITIA;2019-11-12;2019;PF/CRA/MS;0;0;0
PA; ESPÓRTULA;2019-11-12;2019;SR/PF/PA;0;0;0
PE;OUTLINE;2019-11-13;2019;SR/PF/PE;0;0;1
PB;AMIGOS DO REI;2019-11-13;2019;SR/PF/PB;0;0;0
PA;LADRILHAR;2019-11-14;2019;SR/PF/PA;0;0;0
BA;FAROESTE;2019-11-19;2019;SR/PF/BA;0;4;0
AL; DUPLICIDADE;2019-11-19;2019;SR/PF/AL;0;0;0
PB; RECIDIVA IV - REMANESCENTES;2019-11-20;2019;PF/PAT/PB;7;0;0
DF;ELÉTRON;2019-11-22;2019;SR/PF/DF;0;0;0
PA;CIDADELA II;2019-11-22;2019;SR/PF/PA;0;0;0
AC;USURPADORAS;2019-11-26;2019;SR/PF/AC;2;0;0
BA;FAROESTE - FASE 3;2019-11-29;2019;SR/PF/BA;1;0;0
GO;CONDUTA DE RISCO;2019-12-02;2019;SR/PF/GO;0;0;0
GO;CONDUTA DE RISCO 2;2019-12-02;2019;SR/PF/GO;0;0;2
BA;ASSEPTICUS;2019-12-04;2019;SR/PF/BA;8;0;0
PB;XEQUE MATE - FASE 6;2019-12-04;2019;SR/PF/PB;0;0;0
RO;FELDBERG III;2019-12-05;2019;PF/VLA/RO;4;1;0
RJ;EXPERTUS;2019-12-05;2019;SR/PF/RJ;1;0;0
MT;PORTEIRA ABERTA;2019-12-10;2019;PF/BRG/MT;0;0;0
MT;PORTEIRA ABERTA - 2ª FASE;2019-12-10;2019;PF/BRG/MT;0;0;0
PR; LAVA JATO - FASE 69 - MAPA DA MINA;2019-12-10;2019;SR/PF/PR;0;0;0
RS; QUÍMICA;2019-12-10;2019;PF/BGE/RS;0;0;0
RO;ENEAGRAMA;2019-12-11;2019;SR/PF/RO;5;0;0
AL;DAMA DA LÂMPADA;2019-12-11;2019;SR/PF/AL;9;7;0
RO;ÍMPIOS;2019-12-11;2019;SR/PF/RO;0;5;0
PR;ÁGUAS CLARAS;2019-12-13;2019;PF/FIG/PR;0;0;0
RO;RAPINA;2019-12-13;2019;PF/JPN/RO;3;5;0
PB;CALVÁRIO - SÉTIMA FASE - JUÍZO FINAL;2019-12-17;2019;SR/PF/PB;17;0;0
RO;DRENO;2019-12-18;2019;PF/VLA/RO;0;0;0
PR; LAVA JATO - FASE 70 - ÓBOLO;2019-12-18;2019;SR/PF/PR;0;0;0
SC; ALLODAPOS;2019-12-18;2019;NIP/SR/PF/SC;0;0;0
RR;GODFATHER;2019-12-19;2019;NIP/SR/PF/RR;0;7;0
BA;FAROESTE - FASE 4;2019-12-19;2019;SR/PF/BA;0;0;0
PB;PÉS DE BARRO;2019-12-21;2019;SR/PF/PB;4;0;0
PA;FORA DO CAIXA;2020-01-09;2020;SR/PF/PA;0;2;0
RN;BOCA DA MATA;2020-01-10;2020;SR/PF/RN;0;0;0
RJ;TU QUOQUE;2020-01-16;2020;SR/PF/RJ;1;0;0
BA;ARCAICO;2020-01-21;2020;PF/VDC/BA;0;0;0
RJ;CARONA DE DUQUE;2020-01-22;2020;PF/MCE/RJ;0;0;0
PR; EPAGOGE;2020-01-30;2020;SR/PF/PR;0;0;0
CE; VÁRZEA ALEGRE E AURORA;2020-01-30;2020;PF/JNE/CE;0;0;0
RJ;PONTO FINAL;2020-02-03;2020;SR/PF/RJ;1;0;0
SP; CHORUME;2020-02-04;2020;SR/PF/SP;0;0;0
PE;HAMMER;2020-02-05;2020;SR/PF/PE;0;0;0
DF; GAVETEIRO;2020-02-06;2020;SR/PF/DF;2;0;0
PA;PARASITA;2020-02-06;2020;SR/PF/PA;0;0;0
SP;VERITÀ PROTETTA;2020-02-13;2020;PF/JLS/SP;0;0;0
PE;PALLADIUM;2020-02-13;2020;SR/PF/PE;0;0;0
AC;PRESSÁGIO;2020-02-14;2020;PF/CZS/AC;0;7;0
ES;OUSADIA;2020-02-18;2020;SR/PF/ES;2;0;0
RJ;FUNCINE;2020-02-18;2020;SR/PF/RJ;0;0;0
CE; PERBOYRE;2020-02-19;2020;PF/JNE/CE;1;0;1
RO;CEFALÉIA;2020-02-28;2020;SR/PF/RO;0;0;0
AC; SERINGAIS;2020-03-03;2020;SR/PF/AC;0;0;0
MS;CEM POR CENTO;2020-03-05;2020;PF/NVI/MS;5;0;0
RJ;TITEREIRO;2020-03-05;2020;SR/PF/RJ;6;3;0
AC;MONTURO;2020-03-05;2020;SR/PF/AC;0;0;0
TO;BRUTUS;2020-03-10;2020;SR/PF/TO;0;0;0
TO;HASTATI;2020-03-10;2020;SR/PF/TO;0;0;0
PB;CALVÁRIO - OITAVA FASE;2020-03-10;2020;SR/PF/PB;1;0;0
CE;SUITCASE;2020-03-12;2020;SR/PF/CE;0;0;0
RJ;DESDOBRAMENTO DA TERGIVERSAÇÃO;2020-03-13;2020;SIP/SR/PF/RJ;1;0;0
TO; ASSOMBRO;2020-03-17;2020;SR/PF/TO;0;0;0
MG;ROTA BR 090 - FASE ZIGZAG E FASE CABRA CEGA;2020-03-18;2020;SR/PF/MG;0;1;0
MG;ROTA BR 090 - FASE ZIGZAG;2020-03-18;2020;SR/PF/MG;0;0;0
BA;FAROESTE - FASE 5;2020-03-24;2020;SR/PF/BA;3;0;0
RJ;PLANTÃO  - FASE 2;2020-04-09;2020;SR/PF/RJ;0;4;0
TO;GOYAZES;2020-04-15;2020;SR/PF/TO;0;0;0
RO;RAISCET;2020-04-15;2020;SR/PF/RO;0;0;0
RJ; VOTO VENDIDO;2020-04-17;2020;SR/PF/RJ;0;0;0
PB; ALQUIMIA;2020-04-23;2020;SR/PF/PB;0;0;0
TO;MADSET;2020-04-28;2020;SR/PF/TO;0;0;0
AP;VIRUS INFECTIO;2020-04-28;2020;SR/PF/AP;0;0;0
PB; HOLERITE;2020-04-29;2020;SR/PF/PB;0;0;0
RO;MECANISMO;2020-05-05;2020;PF/JPN/RO;0;0;0
PE;OUTLINE - 2ª FASE;2020-05-08;2020;SR/PF/PE;0;2;0
AP;EXPURGO;2020-05-11;2020;SR/PF/AP;0;0;0
PI; DELIVERY;2020-05-12;2020;SR/PF/PI;5;0;0
PA;PROFILAXIA;2020-05-13;2020;SR/PF/PA;1;0;0
AP;SEM FRONTEIRAS;2020-05-14;2020;SR/PF/AP;0;0;0
RJ;FAVORITO;2020-05-14;2020;SR/PF/RJ;5;0;0
SP;MEDCRUZ;2020-05-21;2020;PF/CZO/SP;0;0;0
PA; OLHO DE HÓRUS;2020-05-21;2020;PF/ATM/PA;0;0;0
SP;PHARMÁCO;2020-05-22;2020;PF/CZO/SP;0;0;0
CE;DISPNÉIA;2020-05-25;2020;SR/PF/CE;0;0;0
RJ;PLACEBO;2020-05-26;2020;SR/PF/RJ;0;0;0
RS; CAMILO;2020-05-27;2020;PF/SCS/RS;11;30;0
MG;MONTURO;2020-05-28;2020;PF/URA/MG;0;0;0
PE;APNEIA;2020-05-28;2020;SR/PF/PE;0;0;0
AP;VIRUS INFECTIO II;2020-05-29;2020;SR/PF/AP;3;0;0
AP;OLET;2020-05-29;2020;SR/PF/AP;0;0;0
CE; SPECTRUM 274;2020-06-01;2020;SR/PF/CE;0;0;0
PI; REAGENTE;2020-06-02;2020;SR/PF/PI;0;0;0
AC;OFF-LABEL;2020-06-03;2020;PF/CZS/AC;0;0;0
TO;PERSONALE;2020-06-03;2020;SR/PF/TO;0;0;0
PE;INÓPIA;2020-06-03;2020;SR/PF/PE;0;0;0
AC;DOSE DE VALORES;2020-06-05;2020;PF/CZS/AC;0;0;0
RJ;SCEPTICUS;2020-06-09;2020;PF/MCE/RJ;0;0;0
MA;COBIÇA FATAL;2020-06-09;2020;SR/PF/MA;0;2;0
RS; CAMILO - FASE 2;2020-06-09;2020;PF/SCS/RS;0;0;0
AC;ASSEPSIA;2020-06-10;2020;SR/PF/AC;0;2;0
RO;DÚCTIL;2020-06-10;2020;SR/PF/RO;0;2;0
PA;PARA BELLUM;2020-06-10;2020;SR/PF/PA;0;0;0
AP;PANACEIA;2020-06-14;2020;PF/OPQ/AP;0;0;0
RJ;EXAM;2020-06-15;2020;PF/MCE/RJ;0;0;0
PE;ANTÍDOTO;2020-06-16;2020;SR/PF/PE;0;0;0
PE;CASA DE PAPEL;2020-06-16;2020;SR/PF/PE;0;0;0
RR;MAXIMBOMBO;2020-06-16;2020;SR/PF/RR;0;0;0
CE;ASIA 1 - IPL 779/2013;2020-06-17;2020;SR/PF/CE;0;0;0
SC;TORRE DE MARFIM II;2020-06-17;2020;SR/PF/SC;0;0;0
TO; HIGHLINE;2020-06-17;2020;PF/AGA/TO;0;0;0
CE;ASIA 2 - IPL 247/2015;2020-06-17;2020;SR/PF/CE;0;2;0
PR; LAVA JATO - FASE 71 - SEM LIMITES II;2020-06-18;2020;SR/PF/PR;0;0;0
PA;SOLERCIA;2020-06-18;2020;SR/PF/PA;0;0;0
RS; CAMILO - FASE 3;2020-06-20;2020;PF/SCS/RS;0;1;0
RJ;MP VINICIUS FERREIRA PEIXOTO;2020-06-22;2020;SR/PF/RJ;1;0;0
ES;MOXUARA II;2020-06-23;2020;SR/PF/ES;0;0;0
PA;MATINTA PERERA;2020-06-23;2020;SR/PF/PA;0;0;0
MG;HANGAR;2020-06-24;2020;SR/PF/MG;0;0;0
MG;HANGAR;2020-06-24;2020;SR/PF/MG;0;0;0
RO;TRIUMPHI PUDORE;2020-06-25;2020;SR/PF/RO;0;0;0
CE;RES PUBLICA;2020-06-25;2020;SR/PF/CE;0;0;0
RJ;FIAT LUX;2020-06-25;2020;SR/PF/RJ;0;6;0
AP;VÍRUS INFECTIO III;2020-06-26;2020;SR/PF/AP;0;0;0
MS;RECALCULO;2020-06-30;2020;PF/DRS/MS;0;0;0
AP;CONLUIO;2020-06-30;2020;SR/PF/AP;0;0;0
AM;SANGRIA;2020-06-30;2020;SR/PF/AM;0;7;0
TO; RUMPLE;2020-06-30;2020;SR/PF/TO;0;0;0
ES;OUSADIA II;2020-07-01;2020;SR/PF/ES;1;0;0
BA;OLD SCHOOL;2020-07-02;2020;PF/VDC/BA;0;0;0
PB;CIFRÃO;2020-07-02;2020;SR/PF/PB;0;0;0
SE;SERÔDIO;2020-07-07;2020;SR/PF/SE;0;0;0
PA; MAGNA DOLUM - PF/RDO/PA;2020-07-08;2020;PF/RDO/PA;0;4;1
AP;FIEL DA BALANÇA;2020-07-08;2020;SR/PF/AP;0;0;0
SP;DARK SIDE;2020-07-14;2020;SR/PF/SP;0;0;0
CE; QUADRO NEGRO;2020-07-15;2020;SR/PF/CE;0;0;0
CE; BEREMIZ;2020-07-15;2020;SR/PF/CE;0;0;0
CE; FRUTO DE ESPINHO;2020-07-15;2020;SR/PF/CE;0;0;0
SE; LAGARTO;2020-07-16;2020;SR/PF/SE;0;0;0
RJ;EXAM - DESDOBRAMENTO;2020-07-17;2020;PF/MCE/RJ;0;0;0
AP;ÁGORA;2020-07-21;2020;PF/OPQ/AP;0;0;0
TO; CARTA MARCADA;2020-07-21;2020;SR/PF/TO;0;3;0
SP;PARALELO 23;2020-07-22;2020;SR/PF/SP;0;0;0
AP;SINDICUS II;2020-07-22;2020;SR/PF/AP;0;0;0
RO;AMICUS REGEM;2020-07-23;2020;SR/PF/RO;0;0;0
PE;APNEIA - 3ª FASE;2020-07-23;2020;SR/PF/PE;0;0;0
PE;BAL MASQUÉ;2020-07-23;2020;SR/PF/PE;0;0;0
RO;DÚCTIL FASE 2;2020-07-24;2020;SR/PF/RO;0;0;0
PI; TOPIQUE - 3ª FASE;2020-07-27;2020;NIP/SR/PF/PI;0;0;0
SE;SERÔDIO 2ª FASE;2020-07-27;2020;SR/PF/SE;0;0;0
SP; MENDAZ;2020-07-30;2020;PF/SOD/SP;0;0;0
RO;POLÍGRAFO;2020-07-30;2020;SR/PF/RO;0;0;0
SP;APNEIA SP;2020-07-30;2020;SR/PF/SP;0;0;0
PE;COFFEEBREAK;2020-07-30;2020;SR/PF/PE;0;0;0
RJ;PONTO FINAL - DESDOBRAMENTO;2020-07-30;2020;SR/PF/RJ;0;0;0
RS;RE 2020.0072326-DPF/LIV/RS;2020-07-31;2020;PF/LIV/RS;0;0;0
RJ;SCEPTICUS - 2 FASE;2020-07-31;2020;PF/MCE/RJ;0;0;0
SC;POSTAL OFF II;2020-08-04;2020;SR/PF/SC;0;0;0
RJ;RECADO;2020-08-04;2020;SIP/SR/PF/RJ;1;0;0
TO;DIRECT;2020-08-05;2020;SR/PF/TO;0;0;0
MA;FALSA ESPERANÇA;2020-08-05;2020;SR/PF/MA;0;4;0
RJ;DARDANARIOS;2020-08-06;2020;SR/PF/RJ;0;3;0
SP;NUDUS;2020-08-06;2020;SR/PF/SP;0;0;0
PI;ACESSO NEGADO;2020-08-07;2020;SR/PF/PI;1;0;0
AP;CONLUIO II;2020-08-07;2020;SR/PF/AP;2;0;0
RR;VÍRION;2020-08-13;2020;SR/PF/RR;0;0;0
AP;MÁSCARA DE FERRO;2020-08-18;2020;SR/PF/AP;0;0;0
MS;N95;2020-08-19;2020;SR/PF/MS;0;0;0
PR; LAVA JATO - FASE 72 - NAVEGAR É PRECISO;2020-08-19;2020;SR/PF/PR;2;0;0
MT; PADRINO;2020-08-20;2020;PF/CAE/MT;0;0;0
SE;ESTROINAS;2020-08-20;2020;NIP/SR/PF/SE;0;0;0
PR; LAVA JATO - FASE 73 - OMBRO A OMBRO;2020-08-25;2020;SR/PF/PR;0;0;0
SC;FOGO DE PALHA;2020-08-27;2020;SR/PF/SC;0;0;0
SP;PROTOCLETOS;2020-08-27;2020;SR/PF/SP;0;0;0
RS;PRAÇA DO POVO;2020-08-28;2020;PF/PFO/RS;0;0;0
RJ;TRIS IN IDEM;2020-08-28;2020;SR/PF/RJ;6;11;0
PI;CALIGO;2020-09-02;2020;NIP/SR/PF/PI;0;0;0
PB;FAMINTOS IV;2020-09-02;2020;PF/CGE/PB;0;0;0
PI; CALIGO;2020-09-02;2020;SR/PF/PI;0;0;0
AL;AURANTIUM;2020-09-03;2020;SR/PF/AL;0;0;0
DF;CIRCUITO FECHADO;2020-09-03;2020;SR/PF/DF;0;10;0
RJ;E$QUEMA S;2020-09-09;2020;SR/PF/RJ;0;0;0
PR; LAVA JATO - FASE 74 - SOVRAPPREZZO;2020-09-10;2020;SR/PF/PR;0;0;0
AC;ACÚLEO;2020-09-11;2020;PF/CZS/AC;0;0;0
BA;GUILDA DE PAPEL;2020-09-15;2020;PF/VDC/BA;0;0;0
PE;DESUMANO;2020-09-15;2020;SR/PF/PE;0;1;0
TO; CAMA DE TUT;2020-09-18;2020;SR/PF/TO;0;0;0
SP;ROTA 68;2020-09-22;2020;PF/CZO/SP;0;0;0
SP;TANQUE CHEIO;2020-09-22;2020;PF/CZO/SP;0;0;0
TO; TEMPOS MODERNOS;2020-09-22;2020;SR/PF/TO;0;0;0
PA; TUDO NOSSO E NADA DELES;2020-09-22;2020;PF/MBA/PA;0;0;3
RS;SEM MISERICORDIA;2020-09-23;2020;PF/LIV/RS;0;0;0
PR; LAVA JATO - FASE 75 - BOEMAN;2020-09-23;2020;SR/PF/PR;0;0;0
TO;ALCATEIA;2020-09-24;2020;SR/PF/TO;0;0;0
RJ;GARROTE;2020-09-24;2020;PF/NRI/RJ;0;2;0
RO;RECICLAGEM;2020-09-25;2020;PF/JPN/RO;5;0;0
PA;S.O.S;2020-09-29;2020;SR/PF/PA;0;73;2
AP;KRAKEN;2020-09-30;2020;SR/PF/AP;0;0;0
SE;OPERÇÃO RAIO X;2020-10-02;2020;SR/PF/SE;0;0;0
RJ;APNEUSE;2020-10-06;2020;PF/NIG/RJ;0;0;0
MS;OFFSET;2020-10-06;2020;PF/CRA/MS;0;0;0
TO;BÁLSAMO DE GILEADE;2020-10-07;2020;PF/AGA/TO;1;14;0
PB;FAMINTOS V;2020-10-07;2020;PF/CGE/PB;0;0;0
PR;APOCALIPSE;2020-10-07;2020;PF/FIG/PR;2;4;0
MG; ALEGRIA;2020-10-08;2020;FICCO/DRCOR/SR/PF/MG;29;0;0
AM;SANGRIA (2ª FASE);2020-10-08;2020;SR/PF/AM;0;5;0
RR;DESVID-19;2020-10-14;2020;SR/PF/RR;0;0;0
PA; TUDO NOSSO E NADA DELES II;2020-10-14;2020;PF/MBA/PA;0;0;1
RJ;TERGIVERSAÇÃO - 2 FASE;2020-10-15;2020;SIP/SR/PF/RJ;1;0;0
RR;GODFATHER II;2020-10-16;2020;SR/PF/RR;0;0;0
CE; MARQUETAGEM;2020-10-16;2020;SR/PF/CE;0;0;0
AP;KAIRÓS;2020-10-16;2020;SR/PF/AP;0;0;0
SP;ZARAM;2020-10-20;2020;PF/JLS/SP;0;6;0
ES;FOLHA DE CONTO;2020-10-20;2020;SR/PF/ES;0;0;0
DF; ÍNDIA;2020-10-21;2020;SR/PF/DF;0;0;0
MG; GUAXINIM;2020-10-21;2020;PF/JFA/MG;0;0;0
AP;BANQUETE;2020-10-21;2020;SR/PF/AP;0;0;0
AC;RES PRINCIPIS;2020-10-22;2020;SR/PF/AC;0;0;0
PE;LUCAS 12:2;2020-10-22;2020;SR/PF/PE;0;0;0
SP;TRIUNO;2020-10-22;2020;SR/PF/SP;1;0;0
MT;CIRCUMITUS;2020-10-23;2020;SR/PF/MT;0;0;0
MG;APAGADOR;2020-10-27;2020;SR/PF/MG;0;0;0
PA;PARASITA II;2020-10-27;2020;SR/PF/PA;1;0;0
SP;SILÍCIO;2020-10-28;2020;SR/PF/SP;0;0;0
SE;RESTAURAÇÃO;2020-10-29;2020;SR/PF/SE;0;0;0
AC; DIRTY SAFE;2020-10-29;2020;PF/CZS/AC;0;0;0
MA;OFICINA DESMASCARADA;2020-10-30;2020;SR/PF/MA;0;2;1
MA;COBIÇA FATAL - 2ª FASE;2020-10-30;2020;SR/PF/MA;0;0;0
CE; CARTÃO VERMELHO;2020-11-03;2020;SR/PF/CE;0;0;1
PA; ADRENALINA;2020-11-05;2020;PF/ATM/PA;0;0;0
SC; FUSCUS;2020-11-05;2020;PF/CCM/SC;0;0;0
ES;PARASITA;2020-11-06;2020;SR/PF/ES;0;0;0
MA; MASCATE;2020-11-09;2020;PF/CXS/MA;1;0;1
MS;HEMOGRAMA;2020-11-10;2020;PF/CRA/MS;0;0;0
PE;MAPA DA MINA;2020-11-11;2020;SR/PF/PE;0;0;0
RO; SUFFRAGIUM FLEX (ELEIÇÕES MUNICIPAIS DE 2020-GMI);2020-11-14;2020;PF/GMI/RO;0;0;0
MG;ZIG ZAG FASE 2;2020-11-17;2020;SR/PF/MG;0;0;0
RJ;ARMADEIRA 2;2020-11-18;2020;SR/PF/RJ;0;0;0
MG;COSME;2020-11-18;2020;NIP/SR/PF/MG;0;0;0
SP;10W40;2020-11-19;2020;PF/CZO/SP;0;0;0
BA; METASTASE;2020-11-19;2020;PF/JZO/BA;4;1;0
CE; KM LIVRE - FASE II;2020-11-19;2020;SR/PF/CE;1;0;1
MG;VÁCUO;2020-11-20;2020;SR/PF/MG;0;0;0
AM;PONTO DE PARADA;2020-11-23;2020;SR/PF/AM;0;3;0
MS;MOTOR DE LAMA;2020-11-24;2020;SR/PF/MS;0;0;0
MG;INIQUIDADE;2020-11-24;2020;SR/PF/MG;0;0;0
RJ;OCTOPUS;2020-11-24;2020;PF/MCE/RJ;0;0;0
PB;POÇO SEM FUNDO;2020-11-25;2020;SR/PF/PB;0;0;0
PE;OUTLINE - 3ª FASE;2020-11-25;2020;SR/PF/PE;0;0;0
TO;EXPROBO2;2020-11-25;2020;SR/PF/TO;0;0;0
TO;EXPROBO;2020-11-25;2020;SR/PF/TO;0;0;0
MS;POSTO EXCLUSIVO;2020-11-26;2020;PF/CRA/MS;0;0;0
SP;CANAL SEGURO;2020-11-26;2020;SR/PF/SP;0;0;0
RS; CAMILO FASE 4 - BUSCAS OSÓRIO;2020-11-27;2020;PF/SCS/RS;0;0;0
ES;RESGATE;2020-11-30;2020;SR/PF/ES;0;0;0
RS; PACIENTE ZERO;2020-12-01;2020;PF/PFO/RS;0;0;0
PR;CAFÉ EXPRESSO PARANÁ;2020-12-03;2020;SR/PF/PR;0;4;0
GO;AVENTURA;2020-12-03;2020;SR/PF/GO;0;0;0
AP;ASFIXIA;2020-12-03;2020;SR/PF/AP;0;0;0
SC; FUSCUS - FASE 2;2020-12-03;2020;PF/CCM/SC;0;0;0
MA;ÁGIO FINAL;2020-12-03;2020;SR/PF/MA;3;0;0
PE; ÁGIO EMERGENCIAL;2020-12-04;2020;PF/SGO/PE;0;0;0
RJ;FIM DO TÚNEL;2020-12-07;2020;SR/PF/RJ;0;0;0
MT;CHAPÉU DE PALHA;2020-12-09;2020;PF/ROO/MT;0;0;0
RJ;TALHA;2020-12-09;2020;SR/PF/RJ;0;0;0
PE;ARTICULATA;2020-12-10;2020;SR/PF/PE;0;0;0
MG;ENTRE AMIGOS;2020-12-11;2020;PF/DVS/MG;0;4;0
BA;FAROESTE - FASE 7;2020-12-14;2020;SR/PF/BA;0;0;0
BA;FAROESTE - FASE 6;2020-12-14;2020;SR/PF/BA;3;0;0
PA; DE CONTRA SANTARÉM;2020-12-15;2020;PF/SNM/PA;0;0;0
DF;TOLUENO;2020-12-15;2020;SR/PF/DF;3;8;0
TO;PERSONALE 2;2020-12-15;2020;SR/PF/TO;0;0;0
PB;RECIDIVA V;2020-12-15;2020;PF/PAT/PB;0;0;0
PE;QUASAR;2020-12-15;2020;PF/SGO/PE;0;0;0
RJ;KICKBACK;2020-12-15;2020;SR/PF/RJ;1;0;0
BA;EFEITOS ADVERSOS;2020-12-16;2020;SR/PF/BA;0;3;0
PI;ACESSO NEGADO II- EPIFANIA;2020-12-16;2020;SR/PF/PI;0;0;0
RJ;TRANSOCEÂNICA;2020-12-16;2020;SR/PF/RJ;0;0;0
BA;EXPRESSO SERTÃO;2020-12-17;2020;SR/PF/BA;0;0;0
MA; DESCALABRO - MA;2020-12-18;2020;SR/PF/MA;0;0;0
PA;ADRENALINA II (2 FASE);2020-12-18;2020;PF/ATM/PA;3;0;0
RJ;CLANDESTINO SEQUÊNCIA;2020-12-18;2020;SR/PF/RJ;1;0;0
DF;CIRCUITO FECHADO - 3ª FASE;2020-12-18;2020;SR/PF/DF;5;6;0
BA;ANÓXIA;2020-12-22;2020;PF/ILS/BA;0;0;0
PE; WC;2021-01-08;2021;NIP/SR/PF/PE;0;0;0
PI;CAMPANILE;2021-01-12;2021;NIP/SR/PF/PI;0;0;0
PI;ONZENA;2021-01-14;2021;SR/PF/PI;0;0;0
SC;HEMORRAGIA;2021-01-19;2021;SR/PF/SC;11;9;0
AC; METÁFORA - IPL 2020.0040326;2021-01-20;2021;PF/EPA/AC;0;0;0
DF;GRAVAME;2021-01-22;2021;SR/PF/DF;0;0;0
AP;AMPERE;2021-02-02;2021;SR/PF/AP;0;0;0
RJ;PRONTA EMERGÊNCIA;2021-02-03;2021;SR/PF/RJ;0;0;0
RN;GUARAÍRAS - FASE 2;2021-02-05;2021;SR/PF/RN;0;0;0
RJ;DESMASCARADOS;2021-02-10;2021;SR/PF/RJ;0;0;0
PR; LAVA JATO - FASE 80 - PSEUDEIA;2021-02-11;2021;SR/PF/PR;0;0;0
BA;BACKSTAGE;2021-02-11;2021;PF/VDC/BA;1;0;0
RR; ARGOS;2021-02-23;2021;PF/PAC/RR;0;0;0
TO;SEMPITERNUS;2021-02-24;2021;PF/AGA/TO;0;0;0
PI;OP. REAGENTE II;2021-02-25;2021;SR/PF/PI;1;0;1
MS;TAC;2021-02-25;2021;SR/PF/MS;0;0;0
MA;ESTOQUE ZERO;2021-03-02;2021;SR/PF/MA;0;0;0
RR;PROFILAXIA (TRIAGEM);2021-03-02;2021;SR/PF/RR;0;0;2
RJ;MAIS VALIA;2021-03-02;2021;SR/PF/RJ;11;0;1
TO;ESOPO 267;2021-03-03;2021;SR/PF/TO;0;0;0
MA; RECÔNDITO;2021-03-03;2021;PF/ITZ/MA;0;0;0
RJ;OSSOBUCO;2021-03-11;2021;SR/PF/RJ;0;0;0
BA;KINDERGARTEN;2021-03-18;2021;DPF/BRA/BA;0;0;0
RO; PEDÁGIO 3ª FASE ;2021-03-24;2021;PF/JPN/RO;0;0;0
AC; CONTÁGIO;2021-03-25;2021;SR/PF/AC;0;0;0
AM;ÍNVIO;2021-04-08;2021;SR/PF/AM;0;0;0
MA;TEMPO REAL;2021-04-08;2021;SR/PF/MA;0;0;0
AP;QUADRO ESCURO;2021-04-13;2021;SR/PF/AP;0;0;0
PE;CONTRASSENSO;2021-04-13;2021;SR/PF/PE;0;0;0
SP;QUID PRO QUO;2021-04-15;2021;PF/CZO/SP;0;0;0
MG;PIQUE ESCONDE II;2021-04-15;2021;SR/PF/MG;0;0;0
AC;ASSEPSIA II;2021-04-15;2021;SR/PF/AC;0;0;0
SE; PALUDE;2021-04-15;2021;SR/PF/SE;0;0;0
PE;RECOVERY;2021-04-20;2021;SR/PF/PE;0;0;0
SP;CONTÁGIO;2021-04-20;2021;SR/PF/SP;0;5;0
RJ;PREDESTINADO;2021-04-20;2021;SR/PF/RJ;0;0;0
SP;PEDIDO DE BUSCA E APREENSÃO CRIMINAL (309) Nº 5000904-54.2021.4.03.6118 - 1ª VARA FEDERAL DE GUARATI;2021-04-28;2021;PF/CZO/SP;0;0;0
SP;QUID PRO QUO - DESDOBRAMENTO (CZO);2021-04-28;2021;PF/CZO/SP;0;0;0
MA;DESATINO;2021-05-05;2021;SR/PF/MA;0;0;0
AP;ANESTESIA;2021-05-07;2021;SR/PF/AP;0;0;0
AP;TENDAS DE OURO;2021-05-11;2021;SR/PF/AP;0;0;0
ES; CORSÁRIOS;2021-05-12;2021;SR/PF/ES;0;2;1
MS;INDEPENDÊNCIA;2021-05-12;2021;PF/CRA/MS;0;0;1
GO;ROTA SUL - GO;2021-05-12;2021;SR/PF/GO;8;0;0
TO;MICALEA;2021-05-12;2021;SR/PF/TO;0;0;0
RS;CÍRCULO DE WILLIS;2021-05-13;2021;PF/PFO/RS;0;0;0
RS;CW2;2021-05-13;2021;PF/PFO/RS;0;0;0
DF; AKUANDUBA;2021-05-19;2021;SR/PF/DF;0;0;0
PE; DESMAME II;2021-05-20;2021;SR/PF/PE;0;0;0
AC; JUMPER;2021-05-25;2021;PF/CZS/AC;0;4;0
AC; SÚPLICA;2021-05-25;2021;PF/CZS/AC;0;0;0
DF;PACARE II;2021-05-26;2021;SR/PF/DF;0;0;0
DF;PACARE I;2021-05-26;2021;SR/PF/DF;0;0;0
AP;CONTRAPARTIDA;2021-05-27;2021;SR/PF/AP;0;0;0
AC;OFF-ROAD;2021-06-02;2021;SR/PF/AC;0;0;0
AM;SANGRIA (4ª FASE);2021-06-02;2021;SR/PF/AM;0;6;0
ES;VOLATIL;2021-06-07;2021;SR/PF/ES;0;0;0
MS;MINERAÇÃO DE OURO;2021-06-08;2021;SR/PF/MS;0;0;0
BA;ESTERTOR;2021-06-11;2021;SR/PF/BA;0;0;0
AP;ACESSO;2021-06-11;2021;SR/PF/AP;0;0;0
PA; PRENÚNCIO CRIMINAL;2021-06-11;2021;PF/ATM/PA;0;0;0
DF;REGISTRO ESPÚRIO - 6ª FASE;2021-06-14;2021;SR/PF/DF;0;0;0
AL;SUFOCAMENTO;2021-06-17;2021;SR/PF/AL;0;0;0
SE;TRANSPARÊNCIA I;2021-06-22;2021;SR/PF/SE;0;0;0
SE;TRANSPARÊNCIA II;2021-06-22;2021;SR/PF/SE;0;0;0
SE;TRANSPARÊNCIA III;2021-06-22;2021;SR/PF/SE;0;0;0
AP;INCONCINNUS;2021-06-22;2021;SR/PF/AP;0;0;0
MA;INTER PARES;2021-06-22;2021;SR/PF/MA;0;0;0
DF;REGISTRO ESPÚRIO - 7ª FASE;2021-06-22;2021;SR/PF/DF;0;0;0
CE; SOROCHE;2021-06-24;2021;SR/PF/CE;0;0;0
DF;BOUCHONNE;2021-06-29;2021;SR/PF/DF;0;0;0
RN;REBOTALHO;2021-07-01;2021;SR/PF/RN;0;0;0
MG; PIQUE ESCONDE 01;2021-07-07;2021;SR/PF/MG;0;0;0
AM;CORREDEIRA INFLAMÁVEL;2021-07-08;2021;SR/PF/AM;0;3;0
MA;ALINHAVADO;2021-07-08;2021;SR/PF/MA;0;0;0
RJ;PRONTA EMERGÊNCIA II;2021-07-08;2021;SR/PF/RJ;0;2;0
AC; BUSDOOR;2021-07-14;2021;SR/PF/AC;0;0;0
MG; VÁCUO 2;2021-07-15;2021;SR/PF/MG;0;0;0
SP;PASSOS LARGOS;2021-07-20;2021;PF/SSB/SP.;0;0;0
SP;REI ARTUR;2021-07-21;2021;SR/PF/SP;0;0;0
SP; JOKER;2021-07-21;2021;SR/PF/SP;0;0;0
PB;FALSUM LATERE;2021-07-21;2021;SR/PF/PB;0;0;0
RJ;MANDADO DE BUSCA E APREENSÃO Nº 510005531972;2021-07-21;2021;SR/PF/RJ;0;0;0
RJ; OSSOBUCO 2;2021-07-21;2021;SR/PF/RJ;0;0;0
RS;GOLÇUK;2021-07-22;2021;PF/PTS/RS;0;0;0
AP;ANESTESIA 2;2021-07-22;2021;SR/PF/AP;0;0;0
RO;ENEAGRAMA 2;2021-07-27;2021;SR/PF/RO;0;0;0
PE;BAL MASQUE - FASE 2;2021-07-28;2021;SR/PF/PE;0;0;0
RR;CONTAGIUM;2021-08-05;2021;SR/PF/RR;0;0;1
CE;MATRIOSKA;2021-08-05;2021;SR/PF/CE;0;0;0
MG;REI DO NORTE;2021-08-11;2021;SR/PF/MG;0;0;0
AC;ROUNDS MUNDI;2021-08-12;2021;PF/CZS/AC;0;0;0
AP;ANOSMIA;2021-08-13;2021;SR/PF/AP;1;0;0
PA;REDITUS;2021-08-18;2021;SR/PF/PA;6;56;0
CE; CARTÃO VERMELHO - FASE II;2021-08-23;2021;SR/PF/CE;0;0;0
RR;SUSERANO;2021-08-24;2021;SR/PF/RR;0;0;1
RN;LECTUS;2021-08-25;2021;SR/PF/RN;0;0;0
AM;INSIGNARE;2021-08-26;2021;SR/PF/AM;0;0;0
RS;TOMENTELLA;2021-08-31;2021;SR/PF/RS;0;0;0
MA;ESTOQUE ZERO FASE 2;2021-09-02;2021;SR/PF/MA;0;0;0
PA;3%;2021-09-03;2021;SR/PF/PA;0;0;0
AC;SAND CASTLE;2021-09-07;2021;PF/CZS/AC;0;0;0
PB;SELECT;2021-09-09;2021;SR/PF/PB;0;0;1
DF;SIERRA;2021-09-10;2021;SR/PF/DF;0;0;0
DF;PÉS DE BARRO;2021-09-21;2021;SR/PF/DF;0;0;0
DF;KLOPÊS;2021-09-21;2021;SR/PF/DF;0;0;0
ES; MINUCIUS;2021-09-28;2021;PF/SMT/ES;0;7;0
MA;DESMEDIDA;2021-09-28;2021;SR/PF/MA;0;0;0
MA;VESALIUS;2021-09-30;2021;SR/PF/MA;0;0;0
RS;FRATELO;2021-09-30;2021;SR/PF/RS;0;0;1
